program_name,source_file,category,course_name,course_ids,credits,note,year1_fall,year1_spring,year2_fall,year2_spring,year3_fall,year3_spring,year4_fall,year4_spring
中國文學系【1140924條訂版】,中國文學系【1140924條訂版】_table_1.csv,,國文,[],5.0,,5.0,,,,,,,
中國文學系【1140924條訂版】,中國文學系【1140924條訂版】_table_1.csv,,外文,[],3.0,,3.0,3.0,,,,,,
中國文學系【1140924條訂版】,中國文學系【1140924條訂版】_table_1.csv,共同,體育課程,[],0.0,,0.0,0.0,0.0,0.0,0.0,,,
中國文學系【1140924條訂版】,中國文學系【1140924條訂版】_table_1.csv,必修,服務學習課程,[],0.0,,0.0,0.0,,,,,,
中國文學系【1140924條訂版】,中國文學系【1140924條訂版】_table_1.csv,必修,通識課程(含核心必修、選修科目),[],14.0,,14.0,,,,,,,
中國文學系【1140924條訂版】,中國文學系【1140924條訂版】_table_1.csv,系訂 必修,國學導讀,"['CL1003', 'CL1004']",2.0,,2.0,2.0,,,,,,
中國文學系【1140924條訂版】,中國文學系【1140924條訂版】_table_1.csv,系訂 必修,文學概論,"['CL1005', 'CL1006']",2.0,,2.0,2.0,,,,,,
中國文學系【1140924條訂版】,中國文學系【1140924條訂版】_table_1.csv,系訂 必修,古籍閱讀,"['CL1025', 'CL1026']",1.0,,1.0,1.0,,,,,,
中國文學系【1140924條訂版】,中國文學系【1140924條訂版】_table_1.csv,系訂 必修,歷代文選及習作,"['CL2001', 'CL2002']",3.0,,,,3.0,3.0,,,,
中國文學系【1140924條訂版】,中國文學系【1140924條訂版】_table_1.csv,系訂 必修,中國文學史,"['CL2005', 'CL2006']",3.0,,,,3.0,3.0,,,,
中國文學系【1140924條訂版】,中國文學系【1140924條訂版】_table_1.csv,系訂 必修,文字學,"['CL2003', 'CL2004']",2.0,,,,2.0,2.0,,,,
中國文學系【1140924條訂版】,中國文學系【1140924條訂版】_table_1.csv,系訂 必修,詩選及習作,"['CL2007', 'CL2008']",2.0,,,,2.0,2.0,,,,
中國文學系【1140924條訂版】,中國文學系【1140924條訂版】_table_1.csv,系訂 必修,中國思想史,"['CL4003', 'CL4004']",,,,,,,3.0,3.0,,
中國文學系【1140924條訂版】,中國文學系【1140924條訂版】_table_1.csv,系訂 必修,詞選及習作,['CL2090'],,,,,,,3.0,,,
中國文學系【1140924條訂版】,中國文學系【1140924條訂版】_table_1.csv,系訂 必修,聲韻學,['CL3161'],,,,,,,3.0,,,
中國文學系【1140924條訂版】,中國文學系【1140924條訂版】_table_1.csv,系訂 必修,訓詁學,['CL4104'],,,,,,,,3.0,,
中國文學系【1140924條訂版】,中國文學系【1140924條訂版】_table_1.csv,系訂 必修,曲選及習作,['CL3160'],,,,,,,,3.0,,
中國文學系【1140924條訂版】,中國文學系【1140924條訂版】_table_1.csv,系訂 必修,一、共同必修 1 共同科目修習及其他畢業條件，請見應修科目表注意事項。 2 本系新生外文課程可從三種外文課程中任選一種：(1) 「大一英文」人文社會課群6學 分；(2)英文系開設之其他英文課程6學分；(3)語言中心開設或認定之初級第二外語課 程，但同一外語課程必須連續修滿6學分。 3 選修「進修英文」取得之學分，不列入本系之畢業學分總數。 4 通識核心必修四大領域中至少須修習一個領域。 二、系訂必修 1 必修科目計73學分，其中系必修48學分，畢業須修滿128學分。 2 中文系學生，在校四年至少選修並通過本系選修科目32學分。 3 本系學生畢業前須點畢二部古籍，相關規定依本系「大學生點書辦法」辦理。 三、雙主修規定 1 依本校「學生修讀雙主修辦法」辦理。 2 雙主修學生畢業前須點畢一部古籍，相關規定依本系「大學生點書辦法」辦理。,[],,備註,,,,,,,,
企業管理學系,企業管理學系_table_1.csv,共同 必修,國文,[],5.0,,5.0,,,,,,,
企業管理學系,企業管理學系_table_1.csv,共同 必修,外文,[],3.0,,3.0,3.0,,,,,,
企業管理學系,企業管理學系_table_1.csv,共同 必修,體育課程,[],0.0,,0.0,0.0,0.0,0.0,0.0,,,
企業管理學系,企業管理學系_table_1.csv,共同 必修,服務學習課程,[],0.0,,0.0,0.0,,,,,,
企業管理學系,企業管理學系_table_1.csv,共同 必修,通識課程(含核心必修、選修科目),[],14.0,,14.0,,,,,,,
企業管理學系,企業管理學系_table_1.csv,院訂 必修,經濟學,"['MT1011', 'MT1012']",3.0,,3.0,3.0,,,,,,
企業管理學系,企業管理學系_table_1.csv,院訂 必修,企業概論,['MT1021'],3.0,,3.0,,,,,,,
企業管理學系,企業管理學系_table_1.csv,院訂 必修,會計學,"['MT1031', 'MT1032']",3.0,,3.0,3.0,,,,,,
企業管理學系,企業管理學系_table_1.csv,院訂 必修,統計學,"['MT2041', 'MT2042']",3.0,,,,3.0,3.0,,,,
企業管理學系,企業管理學系_table_1.csv,院訂 必修,程式設計：Python,['MT1051'],3.0,,3.0,,,,,,,
企業管理學系,企業管理學系_table_1.csv,系訂 必修,微積分,"['MA1005', 'MA1006']",3.0,,3.0,3.0,,,,,,
企業管理學系,企業管理學系_table_1.csv,系訂 必修,管理學,['BA1003'],3.0,,,3.0,,,,,,
企業管理學系,企業管理學系_table_1.csv,系訂 必修,財務管理,['BA2000'],3.0,,,,3.0,,,,,
企業管理學系,企業管理學系_table_1.csv,系訂 必修,行銷管理,['BA2030'],3.0,,,,3.0,,,,,
企業管理學系,企業管理學系_table_1.csv,系訂 必修,管理數學,['BA2004'],3.0,,,,3.0,,,,,
企業管理學系,企業管理學系_table_1.csv,系訂 必修,組織行為,['BA2015'],3.0,,,,3.0,,,,,
企業管理學系,企業管理學系_table_1.csv,系訂 必修,作業研究,['BA2014'],3.0,,,,,3.0,,,,
企業管理學系,企業管理學系_table_1.csv,系訂 必修,人力資源管理,['BA3005'],3.0,,,,,3.0,,,,
企業管理學系,企業管理學系_table_1.csv,系訂 必修,資訊管理,['BA3004'],3.0,,,,,3.0,,,,
企業管理學系,企業管理學系_table_1.csv,系訂 必修,生產與作業管理,['BA3001'],3.0,,,,,3.0,,,,
企業管理學系,企業管理學系_table_1.csv,系訂 必修,民法概要,['BA3000'],,,,,,,3.0,,,
企業管理學系,企業管理學系_table_1.csv,系訂 必修,成本會計,['BA2016'],,,,,,,3.0,,,
企業管理學系,企業管理學系_table_1.csv,系訂 必修,商事法,['BA3003'],,,,,,,,3.0,,
企業管理學系,企業管理學系_table_1.csv,系訂 必修,企業政策,['BA4000'],,,,,,,,,3.0,
企業管理學系,企業管理學系_table_1.csv,系訂 必修,企管專題,['BA4086'],,,,,,,,,,3.0
企業管理學系,企業管理學系_table_1.csv,系訂 必修,"一、共同必修 1共同科目修習及其他畢業條件，請見應修科目表注意事項。 2本系新生外文課程可從三種外文課程中任選一種。 3選修「進修英文」取得之學分，不列入本系之畢業學分總數。 4通識核心必修四大領域中至少須修習一個領域。 二、院、系訂必修 1 必修科目計 97學分，最低畢業學分：128學分。 2上述各科目以在本系修課為限。在本系以外之學系修讀同名稱、同學分之必修課程，必須事前提出「抵修學分事 先申請」，經核可後始可選讀及抵修，抵免科目則以三科為限，並須依照本系之修課順序修讀。本規定且適用於 申請本系雙主修同學。 3選修科目應至少修習五門14學分，其中三門8學分必須選自以本系課號所開授之選修課程，另二門必須選自「企業 資源規劃」學分學程之必修（含多選二）課程，或選自「商業智慧與分析」學分學程之必修(含必選)課程。申請本 系雙主修同學選修科目應至少修習三門8學分，二門本系課號選修，一門前項數位素養課程。 4申請本系為雙主修同學，除依本校雙主修辦法之規定辦理外，並必須達到入學後核准前每學期成績排名均維持在 班上前百分之二十以內。 三、雙主修規定 1依本校「學生修讀雙主修辦法」辦理。 2如上述二、2,3,4項說明。",[],,備註,,,,,,,,
光電科學與工程學系,光電科學與工程學系_table_1.csv,共同 必修,國文,[],5.0,,5.0,,,,,,,
光電科學與工程學系,光電科學與工程學系_table_1.csv,共同 必修,外文,[],3.0,,3.0,3.0,,,,,,
光電科學與工程學系,光電科學與工程學系_table_1.csv,共同 必修,體育課程,[],0.0,,0.0,0.0,0.0,0.0,0.0,,,
光電科學與工程學系,光電科學與工程學系_table_1.csv,共同 必修,服務學習課程,[],0.0,,0.0,0.0,,,,,,
光電科學與工程學系,光電科學與工程學系_table_1.csv,共同 必修,通識課程(含核心必修、選修科目),[],14.0,,14.0,,,,,,,
光電科學與工程學系,光電科學與工程學系_table_1.csv,系訂 必修,微積分,"['MA1001', 'MA1002']",4.0,,4.0,4.0,,,,,,
光電科學與工程學系,光電科學與工程學系_table_1.csv,系訂 必修,普通物理A,"['PH1031', 'PH1032']",3.0,,3.0,3.0,,,,,,
光電科學與工程學系,光電科學與工程學系_table_1.csv,系訂 必修,普物實驗,"['PH1003', 'PH1004']",1.0,,1.0,1.0,,,,,,
光電科學與工程學系,光電科學與工程學系_table_1.csv,系訂 必修,普通化學 I,['CM1009'],3.0,,3.0,,,,,,,
光電科學與工程學系,光電科學與工程學系_table_1.csv,系訂 必修,普化實驗,['CM1008'],1.0,,1.0,,,,,,,
光電科學與工程學系,光電科學與工程學系_table_1.csv,系訂 必修,光電科技概論 I / II,"['OS1006', 'OS1007']",1.0,,1.0,1.0,,,,,,
光電科學與工程學系,光電科學與工程學系_table_1.csv,系訂 必修,計算機概論,['OS1008'],3.0,,3.0,,,,,,,
光電科學與工程學系,光電科學與工程學系_table_1.csv,系訂 必修,工程數學 I / II,"['OS2007', 'OS2008']",3.0,,,3.0,3.0,,,,,
光電科學與工程學系,光電科學與工程學系_table_1.csv,系訂 必修,電磁學 I / II,"['OS2003', 'OS2004']",3.0,,,,3.0,3.0,,,,
光電科學與工程學系,光電科學與工程學系_table_1.csv,系訂 必修,基礎電學 I / II,"['OS2013', 'OS2014']",4.0,,,,4.0,4.0,,,,
光電科學與工程學系,光電科學與工程學系_table_1.csv,系訂 必修,電子實驗 I / II,"['OS2015', 'OS2016']",1.0,,,,1.0,1.0,,,,
光電科學與工程學系,光電科學與工程學系_table_1.csv,系訂 必修,基礎光學與幾何光學,['OS2017'],3.0,,,,3.0,,,,,
光電科學與工程學系,光電科學與工程學系_table_1.csv,系訂 必修,波動光學,['OS2018'],3.0,,,,,3.0,,,,
光電科學與工程學系,光電科學與工程學系_table_1.csv,系訂 必修,電磁光學,['OS3016'],,,,,,,3.0,,,
光電科學與工程學系,光電科學與工程學系_table_1.csv,系訂 必修,光學實驗,['OS3011'],,,,,,,1.0,,,
光電科學與工程學系,光電科學與工程學系_table_1.csv,系訂 必修,近代物理,['OS2001'],3.0,,,,,3.0,,,,
光電科學與工程學系,光電科學與工程學系_table_1.csv,系訂 必修,光學系統,['OS3001'],,,,,,,,3.0,,
光電科學與工程學系,光電科學與工程學系_table_1.csv,系訂 必修,光電半導體物理,['OS2011'],,,,,,,3.0,,,
光電科學與工程學系,光電科學與工程學系_table_1.csv,系訂 必修,光電工程概論,['OS3002'],,,,,,,,3.0,,
光電科學與工程學系,光電科學與工程學系_table_1.csv,系訂 必修,光電實驗,['OS3010'],,,,,,,,1.0,,
光電科學與工程學系,光電科學與工程學系_table_1.csv,系訂 必修,一 、共同必修 1 共同科目修習及其他畢業條件，請見應修科目表注意事項。 2 本系新生外文課程可從下列三種外文課程中任選一種： (一)「大一英文」科學課群6學分。 (二)英文系開設之其他英文課程修滿6學分。 (三)語言中心開設或認定之第二外語課程，但同一外語課程必須修滿6學分。,[],,備註,,,,,,,,
光電科學與工程學系,光電科學與工程學系_table_1.csv,系訂 必修,3 選修「進修英文」取得之學分，不列入本系之畢業學分總數。,[],,,,,,,,,,
光電科學與工程學系,光電科學與工程學系_table_1.csv,系訂 必修,4 通識核心必修四大領域中至少須修習一個領域。 二 、系訂必修 1 必修科目計95學分，最低畢業學分128。 2 修業期間內至少選修並通過本系所(OS開頭課號)選修科目12學分(專題類課程除外)。 三、雙主修規定 1 依本校「學生修讀雙主修辦法」辦理。 2 若其修讀主系課程名稱與本系相近者，可檢附該課程之課程大綱申請抵修本系必修課程，惟能否抵修 由本系審查之。,[],,,,,,,,,,
光電科學與工程領域專長,光電科學與工程領域專長_table_1.csv,共同 必修,國文,[],5.0,,5.0,,,,,,,
光電科學與工程領域專長,光電科學與工程領域專長_table_1.csv,共同 必修,外文,[],3.0,,3.0,3.0,,,,,,
光電科學與工程領域專長,光電科學與工程領域專長_table_1.csv,共同 必修,體育課程,[],0.0,,0.0,0.0,0.0,0.0,0.0,,,
光電科學與工程領域專長,光電科學與工程領域專長_table_1.csv,共同 必修,服務學習課程,[],0.0,,0.0,0.0,,,,,,
光電科學與工程領域專長,光電科學與工程領域專長_table_1.csv,共同 必修,通識課程(含核心必修、選修科目),[],14.0,,14.0,,,,,,,
光電科學與工程領域專長,光電科學與工程領域專長_table_1.csv,系訂 必修,微積分,"['MA1001', 'MA1002']",4.0,,4.0,4.0,,,,,,
光電科學與工程領域專長,光電科學與工程領域專長_table_1.csv,系訂 必修,普通物理A,"['PH1031', 'PH1032']",3.0,,3.0,3.0,,,,,,
光電科學與工程領域專長,光電科學與工程領域專長_table_1.csv,系訂 必修,普物實驗,"['PH1003', 'PH1004']",1.0,,1.0,1.0,,,,,,
光電科學與工程領域專長,光電科學與工程領域專長_table_1.csv,系訂 必修,普通化學 I,['CM1009'],3.0,,3.0,,,,,,,
光電科學與工程領域專長,光電科學與工程領域專長_table_1.csv,系訂 必修,普化實驗,['CM1008'],1.0,,1.0,,,,,,,
光電科學與工程領域專長,光電科學與工程領域專長_table_1.csv,系訂 必修,光電科技概論 I / II,"['OS1006', 'OS1007']",1.0,,1.0,1.0,,,,,,
光電科學與工程領域專長,光電科學與工程領域專長_table_1.csv,系訂 必修,計算機概論,['OS1008'],3.0,,3.0,,,,,,,
光電科學與工程領域專長,光電科學與工程領域專長_table_1.csv,系訂 必修,工程數學 I / II,"['OS2007', 'OS2008']",3.0,,,3.0,3.0,,,,,
光電科學與工程領域專長,光電科學與工程領域專長_table_1.csv,系訂 必修,電磁學 I / II,"['OS2003', 'OS2004']",3.0,,,,3.0,3.0,,,,
光電科學與工程領域專長,光電科學與工程領域專長_table_1.csv,系訂 必修,基礎電學 I / II,"['OS2013', 'OS2014']",4.0,,,,4.0,4.0,,,,
光電科學與工程領域專長,光電科學與工程領域專長_table_1.csv,系訂 必修,電子實驗 I / II,"['OS2015', 'OS2016']",1.0,,,,1.0,1.0,,,,
光電科學與工程領域專長,光電科學與工程領域專長_table_1.csv,系訂 必修,基礎光學與幾何光學,['OS2017'],3.0,,,,3.0,,,,,
光電科學與工程領域專長,光電科學與工程領域專長_table_1.csv,系訂 必修,波動光學,['OS2018'],3.0,,,,,3.0,,,,
光電科學與工程領域專長,光電科學與工程領域專長_table_1.csv,系訂 必修,電磁光學,['OS3016'],,,,,,,3.0,,,
光電科學與工程領域專長,光電科學與工程領域專長_table_1.csv,系訂 必修,光學實驗,['OS3011'],,,,,,,1.0,,,
光電科學與工程領域專長,光電科學與工程領域專長_table_1.csv,系訂 必修,近代物理,['OS2001'],3.0,,,,,3.0,,,,
光電科學與工程領域專長,光電科學與工程領域專長_table_1.csv,系訂 必修,光學系統,['OS3001'],,,,,,,,3.0,,
光電科學與工程領域專長,光電科學與工程領域專長_table_1.csv,系訂 必修,光電半導體物理,['OS2011'],,,,,,,3.0,,,
光電科學與工程領域專長,光電科學與工程領域專長_table_1.csv,系訂 必修,光電工程概論,['OS3002'],,,,,,,,3.0,,
光電科學與工程領域專長,光電科學與工程領域專長_table_1.csv,系訂 必修,光電實驗,['OS3010'],,,,,,,,1.0,,
光電科學與工程領域專長,光電科學與工程領域專長_table_1.csv,系訂 必修,一 、共同必修 1 共同科目修習及其他畢業條件，請見應修科目表注意事項。 2 本系新生外文課程可從下列三種外文課程中任選一種： (一)「大一英文」科學課群6學分。 (二)英文系開設之其他英文課程修滿6學分。 (三)語言中心開設或認定之第二外語課程，但同一外語課程必須修滿6學分。,[],,備註,,,,,,,,
光電科學與工程領域專長,光電科學與工程領域專長_table_1.csv,系訂 必修,3 選修「進修英文」取得之學分，不列入本系之畢業學分總數。,[],,,,,,,,,,
光電科學與工程領域專長,光電科學與工程領域專長_table_1.csv,系訂 必修,4 通識核心必修四大領域中至少須修習一個領域。 二 、系訂必修 1 必修科目計95學分，最低畢業學分128。 2 修業期間內至少選修並通過本系所(OS開頭課號)選修科目12學分(專題類課程除外)。 三、雙主修規定 1 依本校「學生修讀雙主修辦法」辦理。 2 若其修讀主系課程名稱與本系相近者，可檢附該課程之課程大綱申請抵修本系必修課程，惟能否抵修 由本系審查之。,[],,,,,,,,,,
化學學系,化學學系_table_1.csv,共同 必修,國文,[],5.0,,,5.0,,,,,,
化學學系,化學學系_table_1.csv,共同 必修,外文,[],3.0,,,3.0,3.0,,,,,
化學學系,化學學系_table_1.csv,共同 必修,體育課程,[],0.0,,,0.0,0.0,0.0,0.0,0.0,,
化學學系,化學學系_table_1.csv,共同 必修,服務學習課程,[],0.0,,,0.0,0.0,,,,,
化學學系,化學學系_table_1.csv,共同 必修,通識課程(含核心必修、選修科目),[],14.0,,,14.0,,,,,,
化學學系,化學學系_table_1.csv,系訂 必修,微積分,"['MA1001', 'MA1002']",4.0,,,4.0,4.0,,,,,
化學學系,化學學系_table_1.csv,系訂 必修,普通化學 I / II,"['CM1001', 'CM1002']",3.0,,,3.0,3.0,,,,,
化學學系,化學學系_table_1.csv,系訂 必修,普化實驗,"['CM1003', 'CM1004']",1.0,,,1.0,1.0,,,,,
化學學系,化學學系_table_1.csv,系訂 必修,普通物理B,"['PH1033', 'PH1034']",3.0,,,3.0,3.0,,,,,
化學學系,化學學系_table_1.csv,系訂 必修,普物實驗,"['PH1003', 'PH1004']",1.0,,,1.0,1.0,,,,,
化學學系,化學學系_table_1.csv,系訂 必修,分析化學,"['CM2021', 'CM2022']",3.0,,,,,3.0,4.0,,,
化學學系,化學學系_table_1.csv,系訂 必修,有機化學,"['CM2031', 'CM2032']",4.0,,,,,4.0,4.0,,,
化學學系,化學學系_table_1.csv,系訂 必修,分析與有機化學實驗,"['CM2081', 'CM2082']",3.0,,,,,3.0,3.0,,,
化學學系,化學學系_table_1.csv,系訂 必修,物理化學,"['CM3041', 'CM3042']",,,,,,,,4.0,4.0,
化學學系,化學學系_table_1.csv,系訂 必修,物理化學實驗,"['CM3043', 'CM3044']",,,,,,,,2.0,2.0,
化學學系,化學學系_table_1.csv,系訂 必修,無機化學,"['CM3051', 'CM3052']",,,,,,,,3.0,3.0,
化學學系,化學學系_table_1.csv,系訂 必修,無機化學實驗,['CM3055'],,,,,,,,2.0,,
化學學系,化學學系_table_1.csv,系訂 必修,書報討論,"['CM4001', 'CM4002']",,,,,,,,,,1.0
化學學系,化學學系_table_1.csv,系訂 必修,一、共同必修 1 共同科目修習及其他畢業條件，請見應修科目表注意事項。 2 本系新生外文課程可從下列三種外文課程中任選一種： (一)「大一英文」科學課群6學分。 (二)英文系開設之其他英文課程修滿6學分。 (三)語言中心開設或認定之第二外語課程，但同一外語課程必須修滿6學分。,[],,備註,,,,,,,,
化學學系,化學學系_table_1.csv,系訂 必修,3 選修「進修英文」取得之學分，不列入本系之畢業學分總數。,[],,,,,,,,,,
化學學系,化學學系_table_1.csv,系訂 必修,4 通識核心必修四大領域中至少須修習一個領域。 二、系訂必修 1 必修科目計 92 學分，最低畢業學分：128。 2 修業期限內至少選修並通過本系規定之選修科目16學分（其中10學分為本系選修科目 「含必選化學數學、化學動力學」；6學分為本系外之理、工、資電、 生醫理工或地科學院科目）。 【必選科目成績得不及格，惟不及格之科目學分，不列 入取得之學分總數】。 三、 雙主修規定 ：依本校「學生修讀雙主修辦法」辦理。,['CM2011'],,,,,,,,,,
化學工程與材料工程學系,化學工程與材料工程學系_table_1.csv,,國文,[],5.0,,,,5.0,,,,,
化學工程與材料工程學系,化學工程與材料工程學系_table_1.csv,,外文,[],3.0,,,,3.0,3.0,,,,
化學工程與材料工程學系,化學工程與材料工程學系_table_1.csv,共同 必修,體育課程,[],0.0,,,,0.0,0.0,0.0,0.0,0.0,
化學工程與材料工程學系,化學工程與材料工程學系_table_1.csv,共同 必修,服務學習課程,[],0.0,,,,0.0,0.0,,,,
化學工程與材料工程學系,化學工程與材料工程學系_table_1.csv,共同 必修,通識課程(含核心必修、選修科目),[],14.0,,,,14.0,,,,,
化學工程與材料工程學系,化學工程與材料工程學系_table_1.csv,院訂 必修,微積分,"['MA1003', 'MA1004']",3.0,,,,3.0,3.0,,,,
化學工程與材料工程學系,化學工程與材料工程學系_table_1.csv,院訂 必修,工程程式設計,['EG1001'],3.0,,,,3.0,,,,,
化學工程與材料工程學系,化學工程與材料工程學系_table_1.csv,院訂 必修,普通物理C,['PH1040'],3.0,,,,3.0,,,,,
化學工程與材料工程學系,化學工程與材料工程學系_table_1.csv,院訂 必修,普通化學,['EG1007'],3.0,,,,,3.0,,,,
化學工程與材料工程學系,化學工程與材料工程學系_table_1.csv,系訂 必修,材料工程概論 I / II,"['CH1023', 'CH1024']",3.0,,,,3.0,3.0,,,,
化學工程與材料工程學系,化學工程與材料工程學系_table_1.csv,系訂 必修,質能平衡與化工計算,['CH1012'],3.0,,,,,3.0,,,,
化學工程與材料工程學系,化學工程與材料工程學系_table_1.csv,系訂 必修,普通物理實驗,['PH1023'],1.0,,,,1.0,,,,,
化學工程與材料工程學系,化學工程與材料工程學系_table_1.csv,系訂 必修,基礎材料化學實驗 I / II / III,"['CH1022', 'CH2029', 'CH2030']",1.0,,,,,1.0,1.0,1.0,,
化學工程與材料工程學系,化學工程與材料工程學系_table_1.csv,系訂 必修,材料化學,['CH2031'],,,,,,,3.0,,,
化學工程與材料工程學系,化學工程與材料工程學系_table_1.csv,系訂 必修,有機化學,"['CH2001', 'CH2002']",,,,,,,3.0,3.0,,
化學工程與材料工程學系,化學工程與材料工程學系_table_1.csv,系訂 必修,物理化學,"['CH2005', 'CH2006']",,,,,,,3.0,3.0,,
化學工程與材料工程學系,化學工程與材料工程學系_table_1.csv,系訂 必修,工程數學,"['CH2009', 'CH2010']",,,,,,,3.0,3.0,,
化學工程與材料工程學系,化學工程與材料工程學系_table_1.csv,系訂 必修,化工與材料熱力學 I / II,"['CH3059', 'CH3060']",,,,,,,,,3.0,3.0
化學工程與材料工程學系,化學工程與材料工程學系_table_1.csv,系訂 必修,化學反應工程,['CH3011'],,,,,,,,,,3.0
化學工程與材料工程學系,化學工程與材料工程學系_table_1.csv,系訂 必修,儀器分析,['CH3012'],,,,,,,,,3.0,
化學工程與材料工程學系,化學工程與材料工程學系_table_1.csv,系訂 必修,輸送現象與單元操作 I / II / III,"['CH2021', 'CH3042', 'CH3043']",,,,,,,,3.0,3.0,3.0
化學工程與材料工程學系,化學工程與材料工程學系_table_1.csv,系訂 必修,固態物理導論,['CH3055'],,,,,,,,,3.0,
化學工程與材料工程學系,化學工程與材料工程學系_table_1.csv,系訂 必修,化工與材料實驗 I / II / III,"['CH3058', 'CH4059', 'CH4060']",,,,,,,,,1.0,1.0
化學工程與材料工程學系,化學工程與材料工程學系_table_1.csv,系訂 必修,程序設計,['CH4042'],,,,,,,,,,
化學工程與材料工程學系,化學工程與材料工程學系_table_1.csv,系訂 必修,核心 必選 修,[],2033.0,,,2033.0,,,3.0,,,
化學工程與材料工程學系,化學工程與材料工程學系_table_1.csv,系訂 必修,專題 必選 修,[],3063.0,,3063.0,,,,1.0,,,
化學領域專長,化學領域專長_table_1.csv,理學院 理學院學士班化學領域應修科目表 (114學年度入學新生適用),領域 專長,[],2021.0,,2021.0,,,,3.0,4.0,,
化學領域專長,化學領域專長_table_1.csv,理學院 理學院學士班化學領域應修科目表 (114學年度入學新生適用),第一 領域 專長 必修,[],3041.0,,,3041.0,,,,,4.0,4.0
化學領域專長,化學領域專長_table_1.csv,理學院 理學院學士班化學領域應修科目表 (114學年度入學新生適用),領域 專長 選修,[],3067.0,,3067.0,,,,,,3.0,3.0
化學領域專長,化學領域專長_table_1.csv,理學院 理學院學士班化學領域應修科目表 (114學年度入學新生適用),1,[],33.0,備 註,33.0,,,,,,,
化學領域專長,化學領域專長_table_1.csv,理學院 理學院學士班化學領域應修科目表 (114學年度入學新生適用),2,[],20.0,,20.0,,,,,,,
土木工程學系,土木工程學系_table_1.csv,,國文,[],5.0,,5.0,,,,,,,
土木工程學系,土木工程學系_table_1.csv,,外文,[],3.0,,3.0,3.0,,,,,,
土木工程學系,土木工程學系_table_1.csv,共同 必修,體育課程,[],0.0,,0.0,0.0,0.0,0.0,0.0,,,
土木工程學系,土木工程學系_table_1.csv,共同 必修,服務學習課程,[],0.0,,0.0,0.0,,,,,,
土木工程學系,土木工程學系_table_1.csv,共同 必修,通識課程(含核心必修、選修科目),[],14.0,,14.0,,,,,,,
土木工程學系,土木工程學系_table_1.csv,院訂 必修,微積分,"['MA1003', 'MA1004']",3.0,,3.0,3.0,,,,,,
土木工程學系,土木工程學系_table_1.csv,院訂 必修,工程程式設計,['EG1001'],3.0,,3.0,,,,,,,
土木工程學系,土木工程學系_table_1.csv,院訂 必修,普通物理A,['PH1035'],3.0,,3.0,,,,,,,
土木工程學系,土木工程學系_table_1.csv,系訂 必修,土木工程概論,['CI1002'],1.0,,1.0,,,,,,,
土木工程學系,土木工程學系_table_1.csv,系訂 必修,測量學,['CI1009'],3.0,,3.0,,,,,,,
土木工程學系,土木工程學系_table_1.csv,系訂 必修,測量實習,['CI1010'],1.0,,1.0,,,,,,,
土木工程學系,土木工程學系_table_1.csv,系訂 必修,普物實驗,['PH1023'],1.0,,1.0,,,,,,,
土木工程學系,土木工程學系_table_1.csv,系訂 必修,應用力學,['CI1005'],3.0,,,3.0,,,,,,
土木工程學系,土木工程學系_table_1.csv,系訂 必修,工程材料學,['CI2005'],3.0,,,3.0,,,,,,
土木工程學系,土木工程學系_table_1.csv,系訂 必修,工程數學 I / II,"['CI2017', 'CI2018']",3.0,,,,3.0,3.0,,,,
土木工程學系,土木工程學系_table_1.csv,系訂 必修,材料力學,['CI2004'],3.0,,,,3.0,,,,,
土木工程學系,土木工程學系_table_1.csv,系訂 必修,流體力學,['CI2011'],3.0,,,,3.0,,,,,
土木工程學系,土木工程學系_table_1.csv,系訂 必修,結構學 I,['CI2019'],3.0,,,,,3.0,,,,
土木工程學系,土木工程學系_table_1.csv,系訂 必修,土木工程實驗 I / II,"['CI3036', 'CI3037']",2.0,,,,,2.0,2.0,,,
土木工程學系,土木工程學系_table_1.csv,系訂 必修,土壤力學 I,['CI3003'],3.0,,,,,3.0,,,,
土木工程學系,土木工程學系_table_1.csv,系訂 必修,工程統計學,['EG2001'],3.0,,,,,3.0,,,,
土木工程學系,土木工程學系_table_1.csv,系訂 必修,鋼筋混凝土學,['CI3005'],,,,,,,3.0,,,
土木工程學系,土木工程學系_table_1.csv,系訂 必修,基礎工程,['CI3010'],,,,,,,3.0,,,
土木工程學系,土木工程學系_table_1.csv,系訂 必修,工程圖學,['CI2007'],,,,,,,,1.0,,
土木工程學系,土木工程學系_table_1.csv,系訂 必修,土木實務專題,['CI4103'],,,,,,,,,3.0,
土木工程學系,土木工程學系_table_1.csv,系訂 必修,*運輸工程,['CI3011'],,,,,,,3.0,,,
土木工程學系,土木工程學系_table_1.csv,系訂 必修,*水文學,['CI3030'],,,,,,,3.0,,,
土木工程學系,土木工程學系_table_1.csv,系訂 必修,*工程地質學,['CI3040'],,,,,,,3.0,,,
土木工程學系,土木工程學系_table_1.csv,系訂 必修,*營建管理,['CI4010'],,,,,,,3.0,,,
土木工程學系,土木工程學系_table_1.csv,系訂 必修,*環境工程,['CI2020'],,,,,,,3.0,,,
土木工程學系,土木工程學系_table_1.csv,系訂 必修,一、共同必修 1共同科目修習及其他畢業條件，請見應修科目表注意事項。 2本系外文課程可自下列任選一種修課方式： (1)英文系開設之其他英文課程，通過且取得6學分。 (2)語言中心開設或認定之第二外語課程，但同一外語課程必須修讀並通過取得6學分。 (3)「大一英文」工程課群6學分。 3選修「進修英文」取得之學分，不列入本系之畢業學分總數。 4通識核心必修四大領域中至少須修習一個領域。 二、院、系訂必修 1必修科目計90，最低畢業學分：128，具〝*〞之課程須至少選2門修課及格始得畢業。 2選修學分中，須選取本系(含工學院EG課號課程)開授選修課程21學分(含)以上。 3必須修習至少兩科設計課程始得畢業，其中設計課程之課號為、、、、、、、 、、、、、、、、。 4通過並取得課程3學分，可抵修系訂必修 課程3學分。 5 必修科目 先修科目 (1)CI 2004材料力學 「CI 1008應用力學」 成績達50分（含）以上者 (2)CI 2019結構學I 「CI 2004材料力學」 成績達50分（含）以上者 (3)CI 2017工程數學I、CI 2018工程數學 II 「MA 1004微積分」 成績達50 分(含)以上者 三、雙主修規定：依本校「學生修讀雙主修辦法」辦理。,['CI3012'],,備註,,,,,,,,
地球科學學系,地球科學學系_table_1.csv,共同 必修,國文,[],5.0,,,5.0,,,,,,
地球科學學系,地球科學學系_table_1.csv,共同 必修,外文,[],3.0,,,3.0,3.0,,,,,
地球科學學系,地球科學學系_table_1.csv,共同 必修,體育課程,[],0.0,,,0.0,0.0,0.0,0.0,0.0,,
地球科學學系,地球科學學系_table_1.csv,共同 必修,服務學習課程,[],0.0,,,0.0,0.0,,,,,
地球科學學系,地球科學學系_table_1.csv,共同 必修,通識課程(含核心必修、選修科目),[],14.0,,,14.0,,,,,,
地球科學學系,地球科學學系_table_1.csv,院訂 必修,微積分,"['MA1003', 'MA1004']",3.0,,,3.0,3.0,,,,,
地球科學學系,地球科學學系_table_1.csv,院訂 必修,普通物理A,"['PH1031', 'PH1032']",3.0,,,3.0,3.0,,,,,
地球科學學系,地球科學學系_table_1.csv,系訂 必修,程式語言與應用,['GP1017'],2.0,,,2.0,,,,,,
地球科學學系,地球科學學系_table_1.csv,系訂 必修,普通地質學,"['GP2031', 'GP2032']",2.0,,,2.0,2.0,,,,,
地球科學學系,地球科學學系_table_1.csv,系訂 必修,地球科學通論,['GP1019'],1.0,,,1.0,,,,,,
地球科學學系,地球科學學系_table_1.csv,系訂 必修,地球科學的挑戰與機會,['GP1020'],1.0,,,,1.0,,,,,
地球科學學系,地球科學學系_table_1.csv,系訂 必修,應用數學,"['GP2019', 'GP2020']",3.0,,,,,3.0,3.0,,,
地球科學學系,地球科學學系_table_1.csv,系訂 必修,礦物學,['GP2038'],2.0,,,,,2.0,,,,
地球科學學系,地球科學學系_table_1.csv,系訂 必修,地質材料力學,['GP2059'],,,,,,,2.0,,,
地球科學學系,地球科學學系_table_1.csv,系訂 必修,岩石學,['GP2065'],,,,,,,2.0,,,
地球科學學系,地球科學學系_table_1.csv,系訂 必修,沉積地質學,['GP3087'],2.0,,,,,2.0,,,,
地球科學學系,地球科學學系_table_1.csv,系訂 必修,地震學,['GP3026'],,,,,,,,3.0,,
地球科學學系,地球科學學系_table_1.csv,系訂 必修,地球物理探勘學,"['GP3011', 'GP3012']",,,,,,,,3.0,3.0,
地球科學學系,地球科學學系_table_1.csv,系訂 必修,地球物理學,['GP3034'],,,,,,,,,3.0,
地球科學學系,地球科學學系_table_1.csv,系訂 必修,地球物理探勘實習,"['GP3019', 'GP3020']",,,,,,,,1.0,1.0,
地球科學學系,地球科學學系_table_1.csv,系訂 必修,構造地質學,['GP3024'],,,,,,,,,3.0,
地球科學學系,地球科學學系_table_1.csv,系訂 必修,地球系統科學概論,['GP1010'],2.0,,,2.0,,,,,,
地球科學學系,地球科學學系_table_1.csv,系訂 必修,台灣地質 或,['GP4031'],,系訂 核心 必選,,,,,,,,2.0
地球科學學系,地球科學學系_table_1.csv,系訂 必修,地球科學專題I 或,['GP4087'],1.0,,,1.0,,,,,,
地球科學學系,地球科學學系_table_1.csv,系訂 必修,地球科學專題II 或,['GP4088'],1.0,,,1.0,,,,,,
地球科學學系,地球科學學系_table_1.csv,系訂 必修,分析數學與 物理 (六擇一),[],3052.0,系訂 核心 選修 (至少7學 分),3052.0,,,,,3.0,,
地球科學學系,地球科學學系_table_1.csv,系訂 必修,地質 (七擇一),[],3014.0,,3014.0,,,,,,2.0,
地球科學學系,地球科學學系_table_1.csv,系訂 必修,水文與海洋 (三擇一),[],6063.0,,6063.0,,,,,,3.0,
地球科學學系,地球科學學系_table_1.csv,系訂 必修,一、共同必修 1. 共同科目修習及其他畢業條件，請見應修科目表注意事項。 2. 本系新生外文課程可從三種外文課程中任選一種。 (1)修讀「大一英文」科學課群6學分。 (2)修讀英文系開設之其他英文課程，通過且取得6學分。 (3)修讀語言中心開設或認定之第二外語課程，但同一外語課程必須修讀並通過取得6學分。 3. 選修「進修英文」取得之學分，不列入本系之畢業學分總數。 4. 通識核心必修四大領域中至少須修習一個領域。 二、系訂必修、系訂核心必選、系訂核心選修： 1.最低畢業學分為128學分：包括必修科目78學分、系訂核心必選、系訂核心選修(分析數學與物理、地 質、水文與海洋)各需一門並通過至少7 學分。另選修並通過本系(課號GP)科目10學分。 2. 除第1項規定外，修業期間內並通過下列三者之一： (1) 地球科學資訊學分學程15學分 (2) 氣候與環境變遷學分學程18學分 (3) 地科院或理、工、資電學院、生醫理工學院、遙測學程開設之課程16學分 三、雙主修規定：依本校「學生修讀雙主修辦法」辦理。,[],,備註,,,,,,,,
地科院學士班,地科院學士班_table_1.csv,共同 必修,國文,[],5.0,,5.0,,,,,,,
地科院學士班,地科院學士班_table_1.csv,共同 必修,外文,[],3.0,,3.0,3.0,,,,,,
地科院學士班,地科院學士班_table_1.csv,共同 必修,體育課程,[],0.0,,0.0,0.0,0.0,0.0,0.0,,,
地科院學士班,地科院學士班_table_1.csv,共同 必修,服務學習課程,[],0.0,,0.0,0.0,,,,,,
地科院學士班,地科院學士班_table_1.csv,共同 必修,通識課程(含核心必修、選修科目),[],14.0,,14.0,,,,,,,
地科院學士班,地科院學士班_table_1.csv,院訂 必修,微積分,"['MA1003', 'MA1004']",3.0,,3.0,3.0,,,,,,
地科院學士班,地科院學士班_table_1.csv,院訂 必修,普通物理A,"['PH1031', 'PH1032']",3.0,,3.0,3.0,,,,,,
地科院學士班,地科院學士班_table_1.csv,院訂 必修,數學課程,[],25.0,科學 能力 必修 課群,25.0,,,,,,,
地科院學士班,地科院學士班_table_1.csv,院訂 必修,電腦與程式語言課程,[],,,,,,,,,,
地科院學士班,地科院學士班_table_1.csv,院訂 必修,物理與化學課程,[],,,,,,,,,,
地科院學士班,地科院學士班_table_1.csv,院訂 必修,普通地質學,"['GP2031', 'GP2032']",2.0,地球 系統 必修 課群,2.0,2.0,,,,,,
地科院學士班,地科院學士班_table_1.csv,院訂 必修,大氣科學通論,['AP1002'],1.0,,1.0,,,,,,,
地科院學士班,地科院學士班_table_1.csv,院訂 必修,大氣科學概論,['AP1001'],1.0,,,1.0,,,,,,
地科院學士班,地科院學士班_table_1.csv,院訂 必修,大氣熱力學,['AP2011'],3.0,,,,,3.0,,,,
地科院學士班,地科院學士班_table_1.csv,院訂 必修,電漿物理導論,['SS3002'],,,,,,,3.0,,,
地科院學士班,地科院學士班_table_1.csv,院訂 必修,衛星系統工程 I,['SS3008'],,,,,,,3.0,,,
地科院學士班,地科院學士班_table_1.csv,院訂 必修,水文地質學,['GP4010'],2.0,,,,2.0,,,,,
地科院學士班,地科院學士班_table_1.csv,院訂 必修,地球水循環,['GP3086'],3.0,,,,3.0,,,,,
地科院學士班,地科院學士班_table_1.csv,院訂 必修,基礎大地工程學,['GP3085'],,,,,,,,3.0,,
地科院學士班,地科院學士班_table_1.csv,院訂 必修,海洋學概論,['HS6063'],3.0,,,,3.0,,,,,
地科院學士班,地科院學士班_table_1.csv,院訂 必修,地球系統科學研究專題導論,['GA1001'],1.0,跨域 知識 技能 課群,1.0,,,,,,,
地科院學士班,地科院學士班_table_1.csv,院訂 必修,地球科學研究群專題課程,[],2.0,,,2.0,,,,,,
地科院學士班,地科院學士班_table_1.csv,院訂 必修,研究計畫寫作,['GA2002'],1.0,,,,,1.0,,,,
地科院學士班,地科院學士班_table_1.csv,院訂 必修,專題研究I/II/III/IV,"['GA3001', 'GA3002', 'GA4001', 'GA4002']",,,,,,,2.0,2.0,2.0,2.0
地科院學士班,地科院學士班_table_1.csv,院訂 必修,一、共同必修 1. 共同科目修習及其他畢業條件，請見應修科目表注意事項。 2. 本班新生外文課程可從三種外文課程中任選一種。 (1)修讀「大一英文」科學課群6學分。 (2)修讀英文系開設之其他英文課程，通過且取得6學分。 (3)修讀語言中心開設或認定之第二外語課程，但同一外語課程必須修讀並通過取得6學分。 3. 選修「進修英文」取得之學分，不列入本班之畢業學分總數。 4. 通識核心必修四大領域中至少須修習一個領域。 5. 通識課程必須修習並通過「跨領域社會參與學分學程-導航課程」(或)，並至少選修「邏輯思考」或「論文寫作」一門相關之 課程。 二、系定必修 1. 最低畢業學分為 128 學分，包括院訂必修 12 學分、科學能力必修課群任選 25 學分、地球系統必修課群任選 16 學分、跨域知識技能課群 50 學分 (含必修 10 學分及其他選修 40 學分)。 2. 除第1項規定外，修業期間內必須選修並通過「地球系統科學概論」2 學分，課群分為「科學能力必修」、「地球系統必修」、「跨域知識技 能」，由導師指導選課。 3. 「專題研究I/II/III/IV 」中須任選三門修習並通過。 4. 各類課程之建議參考課號請參看附表一。 5. 「科學能力必修課群」之各類課程至少各修習一門，未列於應修科目表附表一之科學能力課程可由學生提出申請，經指導導師及班主任同意 後認可。 6. 學生需於「研究計畫寫作」課程 (課號：) 中提出專題計畫書，並於畢業前參與專題成果發表會， 由學士班班務委員會檢視學生學習 成效。 三、雙主修規定：依本校「學生修讀雙主修辦法」辦理。,['GS3050'],,備註,,,,,,,,
地科院學士班,地科院學士班_table_2.csv,科學 能力 必修 課群 (各類 課程 至少 各修習 一門),數學課程,[],2019.0,科學 能力 必修 課群 (各類 課程 至少 各修習 一門),2019.0,,,,,,,
地科院學士班,地科院學士班_table_2.csv,,電腦與程式語言課程,[],1002.0,,1002.0,,,,,,,
地科院學士班,地科院學士班_table_2.csv,,物理與化學課程,[],1003.0,,1003.0,,,,,,,
地科院學士班,地科院學士班_table_2.csv,跨域 知識 技能 課群,地球科學研究群專題課程,[],4087.0,跨域 知識 技能 課群,4087.0,,,,,,,
大氣科學學系,大氣科學學系_table_1.csv,,國文,[],5.0,,5.0,,,,,,,
大氣科學學系,大氣科學學系_table_1.csv,,外文,[],3.0,,3.0,3.0,,,,,,
大氣科學學系,大氣科學學系_table_1.csv,共同 必修,體育課程,[],0.0,,0.0,0.0,0.0,0.0,0.0,,,
大氣科學學系,大氣科學學系_table_1.csv,共同 必修,服務學習課程,[],0.0,,0.0,0.0,,,,,,
大氣科學學系,大氣科學學系_table_1.csv,共同 必修,通識課程(含核心必修、選修科目),[],14.0,,14.0,,,,,,,
大氣科學學系,大氣科學學系_table_1.csv,院訂 必修,微積分,"['MA1003', 'MA1004']",3.0,,3.0,3.0,,,,,,
大氣科學學系,大氣科學學系_table_1.csv,院訂 必修,普通物理A,"['PH1031', 'PH1032']",3.0,,3.0,3.0,,,,,,
大氣科學學系,大氣科學學系_table_1.csv,系訂 必修,普物實驗,['PH1003'],1.0,,1.0,,,,,,,
大氣科學學系,大氣科學學系_table_1.csv,系訂 必修,普通化學,['CM1009'],3.0,,3.0,,,,,,,
大氣科學學系,大氣科學學系_table_1.csv,系訂 必修,普化實驗,['CM1008'],1.0,,,1.0,,,,,,
大氣科學學系,大氣科學學系_table_1.csv,系訂 必修,大氣科學通論,['AP1002'],1.0,,1.0,,,,,,,
大氣科學學系,大氣科學學系_table_1.csv,系訂 必修,大氣科學概論,['AP1001'],1.0,,,1.0,,,,,,
大氣科學學系,大氣科學學系_table_1.csv,系訂 必修,向量分析,['AP1006'],2.0,,,2.0,,,,,,
大氣科學學系,大氣科學學系_table_1.csv,系訂 必修,程式語言與繪圖 I / II /2050,['AP2049'],2.0,,2.0,2.0,,,,,,
大氣科學學系,大氣科學學系_table_1.csv,系訂 必修,大氣研究專題導論,['AP1015'],2.0,,2.0,,,,,,,
大氣科學學系,大氣科學學系_table_1.csv,系訂 必修,應用數學,"['AP2007', 'AP2008']",3.0,,,,3.0,3.0,,,,
大氣科學學系,大氣科學學系_table_1.csv,系訂 必修,大氣測計及操作 I,['AP2039'],3.0,,,,3.0,,,,,
大氣科學學系,大氣科學學系_table_1.csv,系訂 必修,流體力學,['A2010'],3.0,,,,,3.0,,,,
大氣科學學系,大氣科學學系_table_1.csv,系訂 必修,大氣熱力學,['AP2011'],3.0,,,,3.0,,,,,
大氣科學學系,大氣科學學系_table_1.csv,系訂 必修,大氣動力學,"['AP3001', 'AP3002']",,,,,,,3.0,3.0,,
大氣科學學系,大氣科學學系_table_1.csv,系訂 必修,天氣學與天氣分析,"['AP4015', 'AP4016']",,,,,,,,3.0,3.0,
大氣科學學系,大氣科學學系_table_1.csv,系訂 必修,一、共同必修 1 共同科目修習及其他畢業條件，請見應修科目表注意事項。 2 本系新生外文課程可從三種外文課程中任選一種。 (1)修讀「大一英文」科學課群6學分。 (2)修讀英文系開設之其他英文課程，通過且取得6學分。 (3)修讀語言中心開設或認定之第二外語課程，但同一外語課程必須修讀並通過取得6學分。 3 選修「進修英文」取得之學分，不列入本系之畢業學分總數。 4 通識核心必修四大領域中至少須修習一個領域。 二、院、系訂必修 1 最低畢業學分：128，包括必修科目 79 學分，同時至少選修並通過本系選修科目21學分。本校地科、 理、工、資電、生醫理工、遙測學程相關領域以外課程學分至多12學分計入系最低畢業學分。 2 除第1項規定外，修業期間內必須選修「地球系統科學概論」2學分並通過下列三者之一： (1)地球科學資訊學分學程 15 學分 (2)氣候與環境變遷學分學程18學分 (3) 地科或理、工、資電、生醫理工、遙測學程相關領域開設之課程 10 學分 3 下列必修科目必須修習「先修課程」達下列標準後，方可修習： 必修科目 先修課程 應用數學 微積分上、下 50分以上 三、雙主修規定：依本校「學生修讀雙主修辦法」辦理。,[],,備註,,,,,,,,
太空科學與工程學系,太空科學與工程學系_table_1.csv,共同必修,國文,[],5.0,共同必修,,5.0,,,,,,
太空科學與工程學系,太空科學與工程學系_table_1.csv,,外文,[],3.0,,,3.0,3.0,,,,,
太空科學與工程學系,太空科學與工程學系_table_1.csv,,體育課程,[],0.0,,,0.0,0.0,0.0,0.0,0.0,,
太空科學與工程學系,太空科學與工程學系_table_1.csv,,服務學習課程,[],0.0,,,0.0,0.0,,,,,
太空科學與工程學系,太空科學與工程學系_table_1.csv,,通識課程(含核心必修、選修科目),[],14.0,,,14.0,,,,,,
太空科學與工程學系,太空科學與工程學系_table_1.csv,院訂必修,微積分,"['MA1003', 'MA1004']",3.0,院訂必修,,3.0,3.0,,,,,
太空科學與工程學系,太空科學與工程學系_table_1.csv,,普通物理A,"['PH1031', 'PH1032']",3.0,,,3.0,3.0,,,,,
太空科學與工程學系,太空科學與工程學系_table_1.csv,系訂必修,工程實習,['SS1001'],1.0,系訂必修,,1.0,,,,,,
太空科學與工程學系,太空科學與工程學系_table_1.csv,,太空科學與工程導論,['SS1002'],2.0,,,2.0,,,,,,
太空科學與工程學系,太空科學與工程學系_table_1.csv,,普物實驗,['PH1004'],1.0,,,,1.0,,,,,
太空科學與工程學系,太空科學與工程學系_table_1.csv,,程式語言與繪圖,['SS1003'],2.0,,,,2.0,,,,,
太空科學與工程學系,太空科學與工程學系_table_1.csv,,力學,['SS2001'],3.0,,,,,3.0,,,,
太空科學與工程學系,太空科學與工程學系_table_1.csv,,電磁學 I / II,"['SS2003', 'SS2004']",3.0,,,,,3.0,3.0,,,
太空科學與工程學系,太空科學與工程學系_table_1.csv,,應用數學 I / II,"['SS2005', 'SS2006']",3.0,,,,,3.0,3.0,,,
太空科學與工程學系,太空科學與工程學系_table_1.csv,,太空專題 I / II,"['SS2007', 'SS2008']",1.0,,,,,1.0,1.0,,,
太空科學與工程學系,太空科學與工程學系_table_1.csv,,數據分析與處理,['SS3001'],,,,,,,,3.0,,
太空科學與工程學系,太空科學與工程學系_table_1.csv,,太空科學類 (四擇二),[],3002.0,,3002.0,,,,,3.0,,
太空科學與工程學系,太空科學與工程學系_table_1.csv,,太空工程類 (四擇二),[],3006.0,,3006.0,,,,,3.0,,
太空科學與工程學系,太空科學與工程學系_table_1.csv,備註,一、共同必修 1. 共同科目修習及其他畢業條件，請見應修科目表注意事項。 2. 本系新生外文課程：可自由依國立中央大學共同必修科目選修辦法第四條規定之三款擇定其一修讀。 (1)修讀「大一英文」科學課群6學分。 (2)修讀英文系開設之其他英文課程，通過且取得6學分。 (3)修讀語言中心開設或認定之第二外語課程，但同一外語課程必須修讀並通過取得6學分。 3. 選修「進修英文」取得之學分，不列入本系之畢業學分總數。 4. 通識核心必修四大領域中至少須修習一個領域。 二、院、系訂必修 1. 最低畢業學分：128，包括必修科目 75 學分，同時至少選修並通過本系選修科目16學分。本校地科、理、工、資 電、生醫理工、遙測學程相關領域以外課程學分至多 12 學分計入系最低畢業學分。 2. 除第1項規定外，修業期間內必須選修「地球系統科學概論」2學分。 3. 以下必修科目必須在修習「先修課程」學期成績達50分以上，方可修習 必修科目 先修課程 力學 微積分上、下 電磁學 I 微積分上、下 三、雙主修規定：依本校「學生修讀雙主修辦法」辦理。,[],,備註,,,,,,,,
客家語文暨社會科學學系(社政組),客家語文暨社會科學學系(社政組)_table_1.csv,共同必 修,國文,[],5.0,共同必 修,5.0,,,,,,,
客家語文暨社會科學學系(社政組),客家語文暨社會科學學系(社政組)_table_1.csv,,外文,[],3.0,,3.0,3.0,,,,,,
客家語文暨社會科學學系(社政組),客家語文暨社會科學學系(社政組)_table_1.csv,,體育課程,[],0.0,,0.0,0.0,0.0,0.0,0.0,,,
客家語文暨社會科學學系(社政組),客家語文暨社會科學學系(社政組)_table_1.csv,,服務學習課程,[],0.0,,0.0,0.0,,,,,,
客家語文暨社會科學學系(社政組),客家語文暨社會科學學系(社政組)_table_1.csv,,通識課程(含核心必修、選修科目),[],14.0,,14.0,,,,,,,
客家語文暨社會科學學系(社政組),客家語文暨社會科學學系(社政組)_table_1.csv,系訂必 修,基礎客語Ⅰ/ Ⅱ,"['HK1001', 'HK1002']",2.0,系訂必 修,2.0,2.0,,,,,,
客家語文暨社會科學學系(社政組),客家語文暨社會科學學系(社政組)_table_1.csv,,社會學,"['HK1005', 'HK1006']",2.0,,2.0,2.0,,,,,,
客家語文暨社會科學學系(社政組),客家語文暨社會科學學系(社政組)_table_1.csv,,客家文化概論,"['HK1009', 'HK1010']",2.0,,2.0,2.0,,,,,,
客家語文暨社會科學學系(社政組),客家語文暨社會科學學系(社政組)_table_1.csv,,臺灣客家移墾史,['HK1015'],3.0,,,3.0,,,,,,
客家語文暨社會科學學系(社政組),客家語文暨社會科學學系(社政組)_table_1.csv,,進階客語Ⅰ/ Ⅱ,"['HK2001', 'HK2002']",2.0,,,,2.0,2.0,,,,
客家語文暨社會科學學系(社政組),客家語文暨社會科學學系(社政組)_table_1.csv,,專題製作與實習,['HK4021'],,,,,,,,,2.0,
客家語文暨社會科學學系(社政組),客家語文暨社會科學學系(社政組)_table_1.csv,組訂必 修,文化人類學,['HK2035'],3.0,組訂必 修,,,3.0,,,,,
客家語文暨社會科學學系(社政組),客家語文暨社會科學學系(社政組)_table_1.csv,,政治學,['HK2039'],3.0,,,,3.0,,,,,
客家語文暨社會科學學系(社政組),客家語文暨社會科學學系(社政組)_table_1.csv,,族群理論與關係,['HK2033'],3.0,,,,,3.0,,,,
客家語文暨社會科學學系(社政組),客家語文暨社會科學學系(社政組)_table_1.csv,,性別研究,['HK2037'],3.0,,,,,3.0,,,,
客家語文暨社會科學學系(社政組),客家語文暨社會科學學系(社政組)_table_1.csv,,社會調查與統計,['HK3037'],,,,,,,3.0,,,
客家語文暨社會科學學系(社政組),客家語文暨社會科學學系(社政組)_table_1.csv,,社會科學研究法,['HK3029'],,,,,,,,3.0,,
客家語文暨社會科學學系(社政組),客家語文暨社會科學學系(社政組)_table_1.csv,跨組必 修 （客 家語文 及傳播 組6學 分）,語言學概論,['HK2025'],3.0,跨組必 修 （客 家語文 及傳播 組6學 分）,,,3.0,,,,,
客家語文暨社會科學學系(社政組),客家語文暨社會科學學系(社政組)_table_1.csv,,客語概論,['HK2027'],3.0,,,,3.0,,,,,
客家語文暨社會科學學系(社政組),客家語文暨社會科學學系(社政組)_table_1.csv,,傳播理論與數位行銷,['HK2031'],3.0,,,,3.0,,,,,
客家語文暨社會科學學系(社政組),客家語文暨社會科學學系(社政組)_table_1.csv,,文學概論與客家文學,['HK2029'],3.0,,,,,3.0,,,,
客家語文暨社會科學學系(社政組),客家語文暨社會科學學系(社政組)_table_1.csv,,客語數位學習與實作,['HK2022'],3.0,,,,,3.0,,,,
客家語文暨社會科學學系(社政組),客家語文暨社會科學學系(社政組)_table_1.csv,,客語閱讀與書寫,['HK2024'],3.0,,,,,3.0,,,,
客家語文暨社會科學學系(社政組),客家語文暨社會科學學系(社政組)_table_1.csv,備 註,一、共同必修 1 共同科目修習及其他畢業條件，請見應修科目表注意事項。,[],,備 註,,,,,,,,
客家語文暨社會科學學系(社政組),客家語文暨社會科學學系(社政組)_table_1.csv,,2 共同必修之外文課程須選修「大一英文」人文社會課群6學分。,[],,,,,,,,,,
客家語文暨社會科學學系(語文組),客家語文暨社會科學學系(語文組)_table_1.csv,共同必 修,國文,[],5.0,共同必 修,5.0,,,,,,,
客家語文暨社會科學學系(語文組),客家語文暨社會科學學系(語文組)_table_1.csv,,外文,[],3.0,,3.0,3.0,,,,,,
客家語文暨社會科學學系(語文組),客家語文暨社會科學學系(語文組)_table_1.csv,,體育課程,[],0.0,,0.0,0.0,0.0,0.0,0.0,,,
客家語文暨社會科學學系(語文組),客家語文暨社會科學學系(語文組)_table_1.csv,,服務學習課程,[],0.0,,0.0,0.0,,,,,,
客家語文暨社會科學學系(語文組),客家語文暨社會科學學系(語文組)_table_1.csv,,通識課程(含核心必修、選修科目),[],14.0,,14.0,,,,,,,
客家語文暨社會科學學系(語文組),客家語文暨社會科學學系(語文組)_table_1.csv,系訂必 修,基礎客語Ⅰ/ Ⅱ,"['HK1001', 'HK1002']",2.0,系訂必 修,2.0,2.0,,,,,,
客家語文暨社會科學學系(語文組),客家語文暨社會科學學系(語文組)_table_1.csv,,社會學,"['HK1005', 'HK1006']",2.0,,2.0,2.0,,,,,,
客家語文暨社會科學學系(語文組),客家語文暨社會科學學系(語文組)_table_1.csv,,客家文化概論,"['HK1009', 'HK1010']",2.0,,2.0,2.0,,,,,,
客家語文暨社會科學學系(語文組),客家語文暨社會科學學系(語文組)_table_1.csv,,臺灣客家移墾史,['HK1015'],3.0,,,3.0,,,,,,
客家語文暨社會科學學系(語文組),客家語文暨社會科學學系(語文組)_table_1.csv,,進階客語Ⅰ/ Ⅱ,"['HK2001', 'HK2002']",2.0,,,,2.0,2.0,,,,
客家語文暨社會科學學系(語文組),客家語文暨社會科學學系(語文組)_table_1.csv,,專題製作與實習,['HK4021'],,,,,,,,,2.0,
客家語文暨社會科學學系(語文組),客家語文暨社會科學學系(語文組)_table_1.csv,組訂必 修,語言學概論,['HK2025'],3.0,組訂必 修,,,3.0,,,,,
客家語文暨社會科學學系(語文組),客家語文暨社會科學學系(語文組)_table_1.csv,,客語概論,['HK2027'],3.0,,,,3.0,,,,,
客家語文暨社會科學學系(語文組),客家語文暨社會科學學系(語文組)_table_1.csv,,傳播理論與數位行銷,['HK2031'],3.0,,,,3.0,,,,,
客家語文暨社會科學學系(語文組),客家語文暨社會科學學系(語文組)_table_1.csv,,文學概論與客家文學,['HK2029'],3.0,,,,,3.0,,,,
客家語文暨社會科學學系(語文組),客家語文暨社會科學學系(語文組)_table_1.csv,,客語數位學習與實作,['HK2022'],3.0,,,,,3.0,,,,
客家語文暨社會科學學系(語文組),客家語文暨社會科學學系(語文組)_table_1.csv,,客語閱讀與書寫,['HK2024'],3.0,,,,,3.0,,,,
客家語文暨社會科學學系(語文組),客家語文暨社會科學學系(語文組)_table_1.csv,跨組必 修 (客家 社會及 政策組6 學分),文化人類學,['HK2035'],3.0,跨組必 修 (客家 社會及 政策組6 學分),,,3.0,,,,,
客家語文暨社會科學學系(語文組),客家語文暨社會科學學系(語文組)_table_1.csv,,政治學,['HK2039'],3.0,,,,3.0,,,,,
客家語文暨社會科學學系(語文組),客家語文暨社會科學學系(語文組)_table_1.csv,,族群理論與關係,['HK2033'],3.0,,,,,3.0,,,,
客家語文暨社會科學學系(語文組),客家語文暨社會科學學系(語文組)_table_1.csv,,性別研究,['HK2037'],3.0,,,,,3.0,,,,
客家語文暨社會科學學系(語文組),客家語文暨社會科學學系(語文組)_table_1.csv,,社會調查與統計,['HK3037'],,,,,,,3.0,,,
客家語文暨社會科學學系(語文組),客家語文暨社會科學學系(語文組)_table_1.csv,,社會科學研究法,['HK3029'],,,,,,,,3.0,,
客家語文暨社會科學學系(語文組),客家語文暨社會科學學系(語文組)_table_1.csv,備 註,一、共同必修 1 共同科目修習及其他畢業條件，請見應修科目表注意事項。,[],,備 註,,,,,,,,
客家語文暨社會科學學系(語文組),客家語文暨社會科學學系(語文組)_table_1.csv,,2 共同必修之外文課程須選修「大一英文」人文社會課群6學分。,[],,,,,,,,,,
工學院學士班,工學院學士班_table_1.csv,共同必修(25),國文,[],5.0,共同必修(25),5.0,,,,,,,
工學院學士班,工學院學士班_table_1.csv,,外文(備註一),[],3.0,,3.0,3.0,,,,,,
工學院學士班,工學院學士班_table_1.csv,,體育課程,[],0.0,,0.0,0.0,0.0,0.0,0.0,,,
工學院學士班,工學院學士班_table_1.csv,,服務學習課程,[],0.0,,0.0,0.0,,,,,,
工學院學士班,工學院學士班_table_1.csv,,通識課程(備註二),[],14.0,,14.0,,,,,,,
工學院學士班,工學院學士班_table_1.csv,院必修(36),微積分,"['MA1003', 'MA1004']",3.0,院必修(36),3.0,3.0,,,,,,
工學院學士班,工學院學士班_table_1.csv,,普通化學,['EG1003'],3.0,,3.0,,,,,,,
工學院學士班,工學院學士班_table_1.csv,,工程科技導論,['EI1101'],2.0,,2.0,,,,,,,
工學院學士班,工學院學士班_table_1.csv,,工程程式設計,['EG1001'],3.0,,3.0,,,,,,,
工學院學士班,工學院學士班_table_1.csv,,普通物理A / 普通物理C,['PH1036'],3.0,,,3.0,,,,,,
工學院學士班,工學院學士班_table_1.csv,,普通物理實驗,['PH1024'],1.0,,,1.0,,,,,,
工學院學士班,工學院學士班_table_1.csv,,工程倫理 工程講座與專業倫理 倫理學與美好生活 環境倫理之實踐 人工智慧倫理導論,"['EG4002', 'CH3062']",,,,,,,2.0,,,
工學院學士班,工學院學士班_table_1.csv,,工程統計學 (備註三,['EG2001'],,,,,,,3.0,,,
工學院學士班,工學院學士班_table_1.csv,,專題製作 I / II / III / Ⅳ,"['EI2101', 'EI2202', 'EI3101', 'EI3202']",1.0,,,,1.0,1.0,1.0,1.0,,
工學院學士班,工學院學士班_table_1.csv,,社會實踐專題 I (備註四,['EI3103'],3.0,,,,,3.0,,,,
工學院學士班,工學院學士班_table_1.csv,,社會實踐專題 II (備註四,['EI3104'],,,,,,,3.0,,,
工學院學士班,工學院學士班_table_1.csv,,畢業專題,['EI4301'],,,,,,,,,3.0,
工學院學士班,工學院學士班_table_1.csv,領域必、選修 (53-61),智慧機械共61學分(見附表1),[],,領域必、選修 (53-61),,,,,,,,
工學院學士班,工學院學士班_table_1.csv,,能源材料共53學分(見附表2),[],,,,,,,,,,
工學院學士班,工學院學士班_table_1.csv,,永續防災共60學分(見附表3),[],,,,,,,,,,
工學院學士班,工學院學士班_table_1.csv,,綠色科技共 56學分(見附表4),[],,,,,,,,,,
工學院學士班,工學院學士班_table_1.csv,其他選修(6-14),設計思考(備註五),[],2.0,其他選修(6-14),2.0,,,,,,,
工學院學士班,工學院學士班_table_1.csv,備註,一、共同必修 1.共同科目修習及其他畢業條件，請見應修科目表注意事項。 2.本系外文課程可自下列任選一種修課方式： A.「大一英文」工程課群6學分。 B.英文系開設之其他英文課程，通過且取得6學分。 C.語言中心開設或認定之第二外語課程，但同一外語課程必須修讀並通 過取得 6 學分。 3.選修「進修英文」取得之學分，不列入本班之畢業學分總數。 二、通識課程必須修習通識「社會參與之導航與探索 」課程。 三、統計學課程因衝堂可修習校內相關統計學課程事前必須填寫「本班必修課程抵修申請 表」審核通過後始可選及抵修。 四、社會實踐專題修習規定如下， 1.社會實踐專題 II 需先修畢社會實踐專題 I 方能修習。 2.修畢並取得「跨領域社會參與學分學程」或「社會企業學分學程」之課程證明者得 免修，或得以相似內容之課程進行抵修。 五、必選「設計思考」相關課程至少2學分，列本班其他選修科目：人工智慧與設計思考 、設計思考與智慧物聯網應用、設計思考、設計思考與永續科技 、設計思考與行動APP程式設計應用，未在表列課程，以課程抵修程序辦理。 六、最低畢業學分：128學分。,['CC0424'],,備註,,,,,,,,
數學系(數學科學組),數學系(數學科學組)_table_1.csv,共同 必修,國文,[],5.0,,,5.0,,,,,,
數學系(數學科學組),數學系(數學科學組)_table_1.csv,共同 必修,外文,[],3.0,,,3.0,3.0,,,,,
數學系(數學科學組),數學系(數學科學組)_table_1.csv,共同 必修,體育課程,[],0.0,,,0.0,0.0,0.0,0.0,0.0,,
數學系(數學科學組),數學系(數學科學組)_table_1.csv,共同 必修,服務學習課程,[],0.0,,,0.0,0.0,,,,,
數學系(數學科學組),數學系(數學科學組)_table_1.csv,共同 必修,通識課程(含核心必修、選修科目),[],14.0,,,14.0,,,,,,
數學系(數學科學組),數學系(數學科學組)_table_1.csv,共同 必修,微積分,"['MA1001', 'MA1002']",4.0,組訂 必修,,4.0,4.0,,,,,
數學系(數學科學組),數學系(數學科學組)_table_1.csv,共同 必修,線性代數I / II,"['MA2007', 'MA2008']",3.0,,,3.0,3.0,,,,,
數學系(數學科學組),數學系(數學科學組)_table_1.csv,共同 必修,基礎數學,['MA1015'],3.0,,,3.0,,,,,,
數學系(數學科學組),數學系(數學科學組)_table_1.csv,共同 必修,計算機概論I,['MA1013'],3.0,,,,3.0,,,,,
數學系(數學科學組),數學系(數學科學組)_table_1.csv,共同 必修,三 科 擇 一,[],1033.0,,1033.0,3.0,,,,,,
數學系(數學科學組),數學系(數學科學組)_table_1.csv,共同 必修,高等微積分 I / II,"['MA2045', 'MA2046']",4.0,,,,,4.0,4.0,,,
數學系(數學科學組),數學系(數學科學組)_table_1.csv,共同 必修,代數 I,['MA2025'],3.0,,,,,3.0,,,,
數學系(數學科學組),數學系(數學科學組)_table_1.csv,共同 必修,微分方程 I,['MA2041'],3.0,,,,,3.0,,,,
數學系(數學科學組),數學系(數學科學組)_table_1.csv,共同 必修,機率論,['MA2021'],,,,,,,3.0,,,
數學系(數學科學組),數學系(數學科學組)_table_1.csv,共同 必修,複變函數論 I,['MA3015'],,,,,,,,3.0,,
數學系(數學科學組),數學系(數學科學組)_table_1.csv,共同 必修,代數 II,['MA2026'],,組訂 核心 選修,,,,,3.0,,,
數學系(數學科學組),數學系(數學科學組)_table_1.csv,共同 必修,微分方程 II,['MA2042'],,,,,,,3.0,,,
數學系(數學科學組),數學系(數學科學組)_table_1.csv,共同 必修,程式語言及其應用,['MA2051'],,,,,,,,3.0,,
數學系(數學科學組),數學系(數學科學組)_table_1.csv,共同 必修,數理統計 I,['MA3025'],,,,,,,,3.0,,
數學系(數學科學組),數學系(數學科學組)_table_1.csv,共同 必修,高等微積分 III,['MA2047'],,,,,,,,3.0,,
數學系(數學科學組),數學系(數學科學組)_table_1.csv,共同 必修,離散數學 I,['MA3034'],,,,,,,,3.0,,
數學系(數學科學組),數學系(數學科學組)_table_1.csv,共同 必修,幾何學 I,['MA4005'],,,,,,,,,3.0,
數學系(數學科學組),數學系(數學科學組)_table_1.csv,共同 必修,近世代數,['MA3036'],,,,,,,,,3.0,
數學系(數學科學組),數學系(數學科學組)_table_1.csv,共同 必修,拓樸學,['MA3003'],,,,,,,,,3.0,
數學系(數學科學組),數學系(數學科學組)_table_1.csv,共同 必修,一、共同必修 1 共同科目修習及其他畢業條件，請見應修科目表注意事項。 2 本系新生外文課程可從三種外文課程中任選一種： (1)「大一英文」科學課群6學分。 (2)英文系開設之其他英文課程修滿6學分。 (3)語言中心開設或認定之第二外語課程，但同一外語課程必須修滿6學分。 3 選修「進修英文」取得之學分，不列入本系之畢業學分總數。 4 通識核心必修四大領域中至少須修習一個領域。通識課程最多認定24學分，超過部份不列入最低畢業 學分。 二、組訂必修、組訂核心選修 1 最低畢業學分為128學分：共同必修科目25學分，組訂必修科目46學分，組訂核心選修科目12學分。另 修數學系所12學分課程。 2 「微積分」上下學期成績平均及格者，方得修習「高等微積分Ⅰ」；「高等微積分Ⅰ」成績至少50分 者，方得修習「高等微積分Ⅱ」及「高等微積分Ⅲ」；「高等微積分Ⅰ」成績及格者，方得修習「複 變函數論Ⅰ」；「計算機概論I」成績及格者，方得修習「程式語言及其應用」；「機率論」成績及格 者，方得修習「數理統計Ⅰ」。 3 「計算機概論I」需於本系修習，不得以外系之計算機概論相關課程進行抵修。 三、雙主修規定：依本校「學生修讀雙主修辦法」辦理。,[],,備註,,,,,,,,
數學系(計算與資料科學組),數學系(計算與資料科學組)_table_1.csv,共同 必修,國文,[],5.0,,,5.0,,,,,,
數學系(計算與資料科學組),數學系(計算與資料科學組)_table_1.csv,共同 必修,外文,[],3.0,,,3.0,3.0,,,,,
數學系(計算與資料科學組),數學系(計算與資料科學組)_table_1.csv,共同 必修,體育課程,[],0.0,,,0.0,0.0,0.0,0.0,0.0,,
數學系(計算與資料科學組),數學系(計算與資料科學組)_table_1.csv,共同 必修,服務學習課程,[],0.0,,,0.0,0.0,,,,,
數學系(計算與資料科學組),數學系(計算與資料科學組)_table_1.csv,共同 必修,通識課程(含核心必修、選修科目),[],14.0,,,14.0,,,,,,
數學系(計算與資料科學組),數學系(計算與資料科學組)_table_1.csv,共同 必修,微積分I / II,"['MA1001', 'MA1002']",4.0,組訂 必修,,4.0,4.0,,,,,
數學系(計算與資料科學組),數學系(計算與資料科學組)_table_1.csv,共同 必修,線性代數I / II,"['MA2007', 'MA2008']",3.0,,,3.0,3.0,,,,,
數學系(計算與資料科學組),數學系(計算與資料科學組)_table_1.csv,共同 必修,基礎數學,['MA1015'],3.0,,,3.0,,,,,,
數學系(計算與資料科學組),數學系(計算與資料科學組)_table_1.csv,共同 必修,計算機概論I,['MA1013'],3.0,,,3.0,,,,,,
數學系(計算與資料科學組),數學系(計算與資料科學組)_table_1.csv,共同 必修,科學計算導論,['MA1018'],3.0,,,,3.0,,,,,
數學系(計算與資料科學組),數學系(計算與資料科學組)_table_1.csv,共同 必修,三科 擇一,[],1033.0,,1033.0,3.0,,,,,,
數學系(計算與資料科學組),數學系(計算與資料科學組)_table_1.csv,共同 必修,分析導論 I / II,"['MA2049', 'MA2050']",3.0,,,,,3.0,3.0,,,
數學系(計算與資料科學組),數學系(計算與資料科學組)_table_1.csv,共同 必修,機率論,['MA2021'],3.0,,,,,3.0,,,,
數學系(計算與資料科學組),數學系(計算與資料科學組)_table_1.csv,共同 必修,數值線性代數,['MA2030'],3.0,,,,,3.0,,,,
數學系(計算與資料科學組),數學系(計算與資料科學組)_table_1.csv,共同 必修,數學建模,['MA3067'],3.0,,,,,3.0,,,,
數學系(計算與資料科學組),數學系(計算與資料科學組)_table_1.csv,共同 必修,統計學,['MA2011'],,,,,,,3.0,,,
數學系(計算與資料科學組),數學系(計算與資料科學組)_table_1.csv,共同 必修,數值微分方程,['MA2044'],,,,,,,3.0,,,
數學系(計算與資料科學組),數學系(計算與資料科學組)_table_1.csv,共同 必修,最佳化方法與應用,['MA2063'],,,,,,,3.0,,,
數學系(計算與資料科學組),數學系(計算與資料科學組)_table_1.csv,共同 必修,三 科 擇 二,[],3111.0,組訂 核心 選修,3111.0,,,,,3.0,,
數學系(計算與資料科學組),數學系(計算與資料科學組)_table_1.csv,共同 必修,四 科 擇 一,[],3103.0,,3103.0,,,,,3.0,,
數學系(計算與資料科學組),數學系(計算與資料科學組)_table_1.csv,共同 必修,一、共同必修 1 共同科目修習及其他畢業條件，請見應修科目表注意事項。 2 本系新生外文課程可從三種外文課程中任選一種： (1)「大一英文」科學課群6學分。 (2)英文系開設之其他英文課程修滿6學分。 (3)語言中心開設或認定之第二外語課程，但同一外語課程必須修滿6學分。 3 選修「進修英文」取得之學分，不列入本系之畢業學分總數。 4 通識核心必修四大領域中至少須修習一個領域。通識課程最多認定24學分，超過部份不列入最低畢業 學分。 二、組訂必修、組訂核心選修 1 最低畢業學分為128學分：共同必修科目25學分，組訂必修科目53學分，組訂核心選修科目9學分，另 修數學系所12學分課程。 2 「計算機概論I」需於本系修習，不得以外系之計算機概論相關課程進行抵修。 三、雙主修規定：依本校「學生修讀雙主修辦法」辦理。,[],,備註,,,,,,,,
數學領域專長,數學領域專長_table_1.csv,理學院 理學院學士班數學領域應修科目表 (114學年度入學新生適用),A組,[],2007.0,領域 專長 必修,2007.0,3.0,3.0,,,,,
數學領域專長,數學領域專長_table_1.csv,理學院 理學院學士班數學領域應修科目表 (114學年度入學新生適用),B組,[],2007.0,,2007.0,3.0,3.0,,,,,
數學領域專長,數學領域專長_table_1.csv,理學院 理學院學士班數學領域應修科目表 (114學年度入學新生適用),A組,[],2021.0,第一 領域 專長 必修,2021.0,,,,3.0,,,
數學領域專長,數學領域專長_table_1.csv,理學院 理學院學士班數學領域應修科目表 (114學年度入學新生適用),B組,[],2011.0,,2011.0,,,,3.0,,,
數學領域專長,數學領域專長_table_1.csv,理學院 理學院學士班數學領域應修科目表 (114學年度入學新生適用),A組,[],2026.0,領域 專長 選修,2026.0,,,,3.0,,,
數學領域專長,數學領域專長_table_1.csv,理學院 理學院學士班數學領域應修科目表 (114學年度入學新生適用),B組,[],1018.0,,1018.0,,3.0,,,,,
數學領域專長,數學領域專長_table_1.csv,理學院 理學院學士班數學領域應修科目表 (114學年度入學新生適用),1,[],,備註,,,,,,,,
數學領域專長,數學領域專長_table_1.csv,理學院 理學院學士班數學領域應修科目表 (114學年度入學新生適用),2,[],32.0,,32.0,,,,,,,
數學領域專長,數學領域專長_table_1.csv,理學院 理學院學士班數學領域應修科目表 (114學年度入學新生適用),3,[],33.0,,33.0,,,,,,,
文學院學士班【1140924修訂版】,文學院學士班【1140924修訂版】_table_1.csv,文學院學士班應修科目表（114學年度入學新生適用）,國文,[],5.0,共 同 必 修,,,5.0,,,,,
文學院學士班【1140924修訂版】,文學院學士班【1140924修訂版】_table_1.csv,文學院學士班應修科目表（114學年度入學新生適用）,外文,[],3.0,,,,3.0,3.0,,,,
文學院學士班【1140924修訂版】,文學院學士班【1140924修訂版】_table_1.csv,文學院學士班應修科目表（114學年度入學新生適用）,體育課程,[],0.0,,,,0.0,0.0,0.0,0.0,0.0,
文學院學士班【1140924修訂版】,文學院學士班【1140924修訂版】_table_1.csv,文學院學士班應修科目表（114學年度入學新生適用）,服務學習課程,[],0.0,,,,0.0,0.0,,,,
文學院學士班【1140924修訂版】,文學院學士班【1140924修訂版】_table_1.csv,文學院學士班應修科目表（114學年度入學新生適用）,通識課程(含核心必修、選修科目),[],14.0,,,,14.0,,,,,
文學院學士班【1140924修訂版】,文學院學士班【1140924修訂版】_table_1.csv,文學院學士班應修科目表（114學年度入學新生適用）,12 學 分,[],1101.0,基 礎 課 程,1101.0,,3.0,,,,,
文學院學士班【1140924修訂版】,文學院學士班【1140924修訂版】_table_1.csv,文學院學士班應修科目表（114學年度入學新生適用）,54 學 分,[],2203.0,,,2203.0,3.0,,,,,
文學院學士班【1140924修訂版】,文學院學士班【1140924修訂版】_table_2.csv,應 用 課 程,6 學 分,[],4101.0,應 用 課 程,4101.0,,,3.0,,,,
文學院學士班【1140924修訂版】,文學院學士班【1140924修訂版】_table_2.csv,備註,備註,[],,,,,,,,,,
智慧機械專長,智慧機械專長_table_1.csv,工學院學士班 智慧機械 專長領域應修科目表(114學年度入學新生適用-附表1）,靜力與材料力學,['ME1006'],,領域必 修科目 (34),,,,,4.0,,,
智慧機械專長,智慧機械專長_table_1.csv,工學院學士班 智慧機械 專長領域應修科目表(114學年度入學新生適用-附表1）,製造工程實習 I,['ME1041'],,,,,,,,1.0,,
智慧機械專長,智慧機械專長_table_1.csv,工學院學士班 智慧機械 專長領域應修科目表(114學年度入學新生適用-附表1）,機械製圖,['ME2037'],,,,,,,,1.0,,
智慧機械專長,智慧機械專長_table_1.csv,工學院學士班 智慧機械 專長領域應修科目表(114學年度入學新生適用-附表1）,微控制器,['ME1018'],,,,,,,,,3.0,
智慧機械專長,智慧機械專長_table_1.csv,工學院學士班 智慧機械 專長領域應修科目表(114學年度入學新生適用-附表1）,量測實驗,['ME3096'],,,,,,,,,1.0,
智慧機械專長,智慧機械專長_table_1.csv,工學院學士班 智慧機械 專長領域應修科目表(114學年度入學新生適用-附表1）,工程數學 I,"['ME2001', 'CI2017', 'CH2009']",,,,,,,,3.0,,
智慧機械專長,智慧機械專長_table_1.csv,工學院學士班 智慧機械 專長領域應修科目表(114學年度入學新生適用-附表1）,製造工程實習 II,['ME1042'],,,,,,,,,1.0,
智慧機械專長,智慧機械專長_table_1.csv,工學院學士班 智慧機械 專長領域應修科目表(114學年度入學新生適用-附表1）,機械製圖,['ME2038'],,,,,,,,,1.0,
智慧機械專長,智慧機械專長_table_1.csv,工學院學士班 智慧機械 專長領域應修科目表(114學年度入學新生適用-附表1）,電路及電子學,['ME2065'],,,,,,,,,3.0,
智慧機械專長,智慧機械專長_table_1.csv,工學院學士班 智慧機械 專長領域應修科目表(114學年度入學新生適用-附表1）,電路及電子實驗,['ME2066'],,,,,,,,,1.0,
智慧機械專長,智慧機械專長_table_1.csv,工學院學士班 智慧機械 專長領域應修科目表(114學年度入學新生適用-附表1）,工程數學 II,"['ME2002', 'CI2018', 'CH2010']",,,,,,,,,3.0,
智慧機械專長,智慧機械專長_table_1.csv,工學院學士班 智慧機械 專長領域應修科目表(114學年度入學新生適用-附表1）,精密機械製造(I,['ME2056'],,,,,,,,,3.0,
智慧機械專長,智慧機械專長_table_1.csv,工學院學士班 智慧機械 專長領域應修科目表(114學年度入學新生適用-附表1）,智慧製造實作與專題 (I,['ME5205'],,,,,,,,,,3.0
智慧機械專長,智慧機械專長_table_1.csv,工學院學士班 智慧機械 專長領域應修科目表(114學年度入學新生適用-附表1）,智慧製造技術,['ME5202'],,,,,,,,,,
智慧機械專長,智慧機械專長_table_1.csv,工學院學士班 智慧機械 專長領域應修科目表(114學年度入學新生適用-附表1）,智慧製造實作與專題 (II,['ME5206'],,,,,,,,,,
智慧機械專長,智慧機械專長_table_2.csv,,其他智慧機械相關課程(6),[],,,,,,,,,,
智慧機械專長,智慧機械專長_table_2.csv,備註,領域必修科目計35學分，領域選修科目學分計27學分，最低畢業學分：128學分。,[],,備註,,,,,,,,
機械工程學系課程地圖,機械工程學系課程地圖_table_1.csv,基礎工程 光學I 基礎工程 光學Ⅱ,企業實習 光學原理與應用:工程光學、工程光學設計與應用、自動化光 學檢測 光機原理與應用:電腦輔助製圖、光學機構系統設計與分析、 電腦輔助設計與製造整合、人工智慧 機電系統: 感測原理、電磁及電動機、機械量測,[],,基礎工程 光學I 基礎工程 光學Ⅱ,,,,,,,,
機械工程學系課程地圖,機械工程學系課程地圖_table_2.csv,,機械系專業必修 製造工程實習Ⅰ 機械製圖 靜力與材料力學 普物實驗 工程數學I 工程數學Ⅱ 機構學 動力學 材料科學 電路及電子學 電路及電子實驗 精密機械製造Ⅰ 自動控制I 量測實驗 精密機械設計Ⅰ 流體力學(108(含)後) 熱力學I(108(含)後) 英文必選課 科技英語演講與簡 報 高年級物理 （二選一） 電磁學 近代物理導論,[],,,,,,,,,,
機械工程學系課程地圖_table_3,機械工程學系課程地圖_table_3.csv,微控制器,企業實習 基礎課程: 系統動態、感測原理、電磁及電動機、自動控制 II 系統控制: 線性系統、數位控制、自動化光學檢測、機器人 學 智慧系統：人工智慧、深度學習與電腦視覺應用、生成式 AI與視覺於機器人應用,[],,微控制器,,,,,,,,
機械工程學系課程地圖_table_4,機械工程學系課程地圖_table_4.csv,先進材料 物理冶金,企業實習 基礎課程:材料熱力學、材料電化學、材料物理化學、材料 動力學 材料性質:材料機械性質、金屬疲勞 新興材料: 矽晶材料及其應用、奈米材料與奈米結構、半導 體晶圓鍵合科學與技術,[],,先進材料 物理冶金,,,,,,,,
機械工程學系課程地圖_table_4,機械工程學系課程地圖_table_4.csv,先進材料 先進材料 製程,企業實習 機械製造: 鑄造工程、放電加工、金屬熱處理、雷射加工與 材料處理、實驗設計與分析、智慧製造技術、工業機器人 原理與自動化應用 半導體製程: 半導體與微奈米設備及製程整合 電腦輔助製造:電腦輔助設計與製造整合,[],,先進材料 先進材料 製程,,,,,,,,
機械工程學系課程地圖_table_7,機械工程學系課程地圖_table_7.csv,熱傳學,企業實習 熱流:中等流力、應用熱傳、熱交換器、高等流力、高等熱 傳、計算流體力學 能源工程: 能源工程、太陽能工程、氫能與燃料電池、儲能 原理與技術,[],,熱傳學,,,,,,,,
機械工程學系（先進材料與精密製造組),機械工程學系（先進材料與精密製造組)_table_1.csv,共同 必修,國文,[],5.0,,5.0,,,,,,,
機械工程學系（先進材料與精密製造組),機械工程學系（先進材料與精密製造組)_table_1.csv,共同 必修,外文,[],3.0,,3.0,3.0,,,,,,
機械工程學系（先進材料與精密製造組),機械工程學系（先進材料與精密製造組)_table_1.csv,共同 必修,體育課程,[],0.0,,0.0,0.0,0.0,0.0,0.0,,,
機械工程學系（先進材料與精密製造組),機械工程學系（先進材料與精密製造組)_table_1.csv,共同 必修,服務學習課程,[],0.0,,0.0,0.0,,,,,,
機械工程學系（先進材料與精密製造組),機械工程學系（先進材料與精密製造組)_table_1.csv,共同 必修,通識課程(含核心必修、選修科目),[],14.0,,14.0,,,,,,,
機械工程學系（先進材料與精密製造組),機械工程學系（先進材料與精密製造組)_table_1.csv,院訂 必修,微積分,"['MA1003', 'MA1004']",3.0,,3.0,3.0,,,,,,
機械工程學系（先進材料與精密製造組),機械工程學系（先進材料與精密製造組)_table_1.csv,院訂 必修,工程程式設計,['EG1001'],3.0,,3.0,,,,,,,
機械工程學系（先進材料與精密製造組),機械工程學系（先進材料與精密製造組)_table_1.csv,院訂 必修,普通物理A,['PH1036'],3.0,,,3.0,,,,,,
機械工程學系（先進材料與精密製造組),機械工程學系（先進材料與精密製造組)_table_1.csv,系訂 必修,普物實驗,['PH1024'],1.0,,,1.0,,,,,,
機械工程學系（先進材料與精密製造組),機械工程學系（先進材料與精密製造組)_table_1.csv,系訂 必修,製造工程實習 I,['ME1041'],1.0,,1.0,,,,,,,
機械工程學系（先進材料與精密製造組),機械工程學系（先進材料與精密製造組)_table_1.csv,系訂 必修,機械製圖,"['ME2037', 'ME2038']",1.0,,1.0,1.0,,,,,,
機械工程學系（先進材料與精密製造組),機械工程學系（先進材料與精密製造組)_table_1.csv,系訂 必修,靜力與材料力學,['ME1006'],4.0,,,4.0,,,,,,
機械工程學系（先進材料與精密製造組),機械工程學系（先進材料與精密製造組)_table_1.csv,系訂 必修,工程數學 I / II,"['ME2001', 'ME2002']",3.0,,,,3.0,3.0,,,,
機械工程學系（先進材料與精密製造組),機械工程學系（先進材料與精密製造組)_table_1.csv,系訂 必修,機構學,['ME2035'],3.0,,,,3.0,,,,,
機械工程學系（先進材料與精密製造組),機械工程學系（先進材料與精密製造組)_table_1.csv,系訂 必修,電路及電子學,['ME2065'],3.0,,,,,3.0,,,,
機械工程學系（先進材料與精密製造組),機械工程學系（先進材料與精密製造組)_table_1.csv,系訂 必修,電路及電子實驗,['ME2066'],1.0,,,,,1.0,,,,
機械工程學系（先進材料與精密製造組),機械工程學系（先進材料與精密製造組)_table_1.csv,系訂 必修,動力學,['ME2013'],3.0,,,,3.0,,,,,
機械工程學系（先進材料與精密製造組),機械工程學系（先進材料與精密製造組)_table_1.csv,系訂 必修,材料科學,['ME2051'],3.0,,,,3.0,,,,,
機械工程學系（先進材料與精密製造組),機械工程學系（先進材料與精密製造組)_table_1.csv,系訂 必修,精密機械製造 I,['ME2056'],3.0,,,,,3.0,,,,
機械工程學系（先進材料與精密製造組),機械工程學系（先進材料與精密製造組)_table_1.csv,系訂 必修,精密機械設計 I,['ME3043'],,,,,,,3.0,,,
機械工程學系（先進材料與精密製造組),機械工程學系（先進材料與精密製造組)_table_1.csv,系訂 必修,量測實驗,['ME3096'],,,,,,,,1.0,,
機械工程學系（先進材料與精密製造組),機械工程學系（先進材料與精密製造組)_table_1.csv,系訂 必修,自動控制 I,['ME4061'],,,,,,,3.0,,,
機械工程學系（先進材料與精密製造組),機械工程學系（先進材料與精密製造組)_table_1.csv,系訂 必修,熱力學I,['ME2073'],3.0,,,3.0,,,,,,
機械工程學系（先進材料與精密製造組),機械工程學系（先進材料與精密製造組)_table_1.csv,系訂 必修,流體力學,['ME3081'],3.0,,,,,3.0,,,,
機械工程學系（先進材料與精密製造組),機械工程學系（先進材料與精密製造組)_table_1.csv,系訂 必修,畢業專題,['ME4075'],,,,,,,,,3.0,
機械工程學系（先進材料與精密製造組),機械工程學系（先進材料與精密製造組)_table_1.csv,系訂 必修,電磁學 二擇一 近代物理導論,['ME3055'],,,,,,,3.0,,,
機械工程學系（先進材料與精密製造組),機械工程學系（先進材料與精密製造組)_table_2.csv,組訂 必修,普通化學(必選,['EG1003'],3.0,組訂 必修,3.0,,,,,,,
機械工程學系（先進材料與精密製造組),機械工程學系（先進材料與精密製造組)_table_2.csv,,先進材料,['ME3048'],3.0,,,,,3.0,,,,
機械工程學系（先進材料與精密製造組),機械工程學系（先進材料與精密製造組)_table_2.csv,,材料實驗,['ME3095'],1.0,,,,,1.0,,,,
機械工程學系（先進材料與精密製造組),機械工程學系（先進材料與精密製造組)_table_2.csv,,熱流實驗,['ME3102'],,,,,,,1.0,,,
機械工程學系（先進材料與精密製造組),機械工程學系（先進材料與精密製造組)_table_2.csv,,熱傳學,['ME3072'],,,,,,,3.0,,,
機械工程學系（先進材料與精密製造組),機械工程學系（先進材料與精密製造組)_table_2.csv,,先進材料製程,['ME4096'],,,,,,,,3.0,,
機械工程學系（先進材料與精密製造組),機械工程學系（先進材料與精密製造組)_table_2.csv,,物理冶金,['ME3046'],,,,,,,,3.0,,
機械工程學系（先進材料與精密製造組),機械工程學系（先進材料與精密製造組)_table_2.csv,,製造工程實習 II,['ME1042'],1.0,,,1.0,,,,,,
機械工程學系（先進材料與精密製造組),機械工程學系（先進材料與精密製造組)_table_2.csv,備註,一、共同必修 1 共同科目修習及其他畢業條件，請見應修科目表注意事項。 2 ＊本系外文課程可自下列任選一種修課方式： (1) 修讀「大一英文」工程課群6學分。 (2) 修讀英文系開設之其他英文課程，通過且取得6學分。 (3) 修讀語言中心開設或認定之第二外語課程，但同一外語課程必須修讀並通過取得6學分。 ＊選修「進修英文」取得之學分，不列入本系之畢業學分總數。 3 通識核心必修四大領域中至少須修習一個領域。 二、院、系、組訂必修 1 必選科目成績不及格之科目學分，不列入取得之學分總數。 2 大一必選「普通化學」3學分，列本系選修科目。 3 畢業標準：最低畢業總學分為134，必修科目101學分（包括共同必修與院、系、組訂必修），同時必須 滿足下列各類別之最低學分要求： (1) 本系領域科目：由本系課程地圖中之八大【領域課程】（如附表）任選一領域修讀。 ①選擇「光機設計」、「機電控制」、「先進材料」、「精密製造」、「熱流與能源工程」、「應用 力學與設計」中任一領域15學分。所選讀【領域課程】中之「必修課程」若為本組之【組訂必修科 目】，則不計為前述【領域課程】之學分。 例: 若在【領域課程】中選『精密製造』，則須修讀【領域課程】中的「選修科目」15學分。 若在【領域課程】中選『光機設計』，則須修讀【領域課程】中的二門「必修科目」及其他「選 修科目」，合計至少15學分。其餘依此類推。 ②選擇「跨域專長」領域者，必須修習本校非機械相關系所之同一輔系、第二專長或學分學程之課程 最低15學分，始可採計為「跨域專長」領域學分。但與本系必修科目性質相同之課程不可列入，已列 入「跨域專長」領域課程之學分不得於【通識課程】、【本系選修科目】或【其他選修科目】中重複 計算，如有爭議，由本系課程委員會認定之。 ③選擇「自主學習」領域者，必須至少修習該領域13學分，包含「自主學習專題」4學分以及「領域 選修」9學分。由本系課程地圖中之「主題式課群」（如附表）任選一「主題式課群」修讀通過。 (2) 本系選修科目：必須至少修習本系(包含光機電所、能源所及材料所)選修科目9學分。 (3) 其他選修科目：不包括通識及進修英文課程。 ①選擇「光機設計」、「機電控制」、「先進材料」、「精密製造」、「熱流與能源工程」、「應用 力學與設計」、「跨域專長」中任一領域者，必須至少修習【其他選修科目】9學分。 ②選擇「自主學習」領域者，必須至少修習【其他選修科目】11學分。 必修課程名稱凡具有 “II” 者必須先修 “I”（40分以上）後方可修習，機械製圖須先修機械製 4 圖 (40分以上)。 三、雙主修規定：依本校「學生修讀雙主修辦法」辦理。,['ME2038'],,備註,,,,,,,,
機械工程學系（光機電工程組),機械工程學系（光機電工程組)_table_1.csv,共同 必修,國文,[],5.0,,5.0,,,,,,,
機械工程學系（光機電工程組),機械工程學系（光機電工程組)_table_1.csv,共同 必修,外文,[],3.0,,3.0,3.0,,,,,,
機械工程學系（光機電工程組),機械工程學系（光機電工程組)_table_1.csv,共同 必修,體育課程,[],0.0,,0.0,0.0,0.0,0.0,0.0,,,
機械工程學系（光機電工程組),機械工程學系（光機電工程組)_table_1.csv,共同 必修,服務學習課程,[],0.0,,0.0,0.0,,,,,,
機械工程學系（光機電工程組),機械工程學系（光機電工程組)_table_1.csv,共同 必修,通識課程(含核心必修、選修科目),[],14.0,,14.0,,,,,,,
機械工程學系（光機電工程組),機械工程學系（光機電工程組)_table_1.csv,院訂 必修,微積分,"['MA1003', 'MA1004']",3.0,,3.0,3.0,,,,,,
機械工程學系（光機電工程組),機械工程學系（光機電工程組)_table_1.csv,院訂 必修,工程程式設計,['EG1001'],3.0,,3.0,,,,,,,
機械工程學系（光機電工程組),機械工程學系（光機電工程組)_table_1.csv,院訂 必修,普通物理A,['PH1036'],3.0,,,3.0,,,,,,
機械工程學系（光機電工程組),機械工程學系（光機電工程組)_table_1.csv,系訂 必修,製造工程實習 I,['ME1041'],1.0,,1.0,,,,,,,
機械工程學系（光機電工程組),機械工程學系（光機電工程組)_table_1.csv,系訂 必修,機械製圖,"['ME2037', 'ME2038']",1.0,,1.0,1.0,,,,,,
機械工程學系（光機電工程組),機械工程學系（光機電工程組)_table_1.csv,系訂 必修,靜力與材料力學,['ME1006'],4.0,,,4.0,,,,,,
機械工程學系（光機電工程組),機械工程學系（光機電工程組)_table_1.csv,系訂 必修,普物實驗,['PH1024'],1.0,,,1.0,,,,,,
機械工程學系（光機電工程組),機械工程學系（光機電工程組)_table_1.csv,系訂 必修,工程數學 I / II,"['ME2001', 'ME2002']",3.0,,,,3.0,3.0,,,,
機械工程學系（光機電工程組),機械工程學系（光機電工程組)_table_1.csv,系訂 必修,機構學,['ME2035'],3.0,,,,3.0,,,,,
機械工程學系（光機電工程組),機械工程學系（光機電工程組)_table_1.csv,系訂 必修,電路及電子學,['ME2065'],3.0,,,,,3.0,,,,
機械工程學系（光機電工程組),機械工程學系（光機電工程組)_table_1.csv,系訂 必修,電路及電子實驗,['ME2066'],1.0,,,,,1.0,,,,
機械工程學系（光機電工程組),機械工程學系（光機電工程組)_table_1.csv,系訂 必修,動力學,['ME2013'],3.0,,,,3.0,,,,,
機械工程學系（光機電工程組),機械工程學系（光機電工程組)_table_1.csv,系訂 必修,材料科學,['ME2051'],3.0,,,,3.0,,,,,
機械工程學系（光機電工程組),機械工程學系（光機電工程組)_table_1.csv,系訂 必修,精密機械製造 I,['ME2056'],3.0,,,,,3.0,,,,
機械工程學系（光機電工程組),機械工程學系（光機電工程組)_table_1.csv,系訂 必修,精密機械設計 I,['ME3043'],,,,,,,3.0,,,
機械工程學系（光機電工程組),機械工程學系（光機電工程組)_table_1.csv,系訂 必修,量測實驗,['ME3096'],,,,,,,,1.0,,
機械工程學系（光機電工程組),機械工程學系（光機電工程組)_table_1.csv,系訂 必修,自動控制 I,['ME4061'],,,,,,,3.0,,,
機械工程學系（光機電工程組),機械工程學系（光機電工程組)_table_1.csv,系訂 必修,熱力學 I,['ME2073'],3.0,,,3.0,,,,,,
機械工程學系（光機電工程組),機械工程學系（光機電工程組)_table_1.csv,系訂 必修,流體力學,['ME3081'],,,,,,,,3.0,,
機械工程學系（光機電工程組),機械工程學系（光機電工程組)_table_1.csv,系訂 必修,畢業專題,['ME4075'],,,,,,,,,3.0,
機械工程學系（光機電工程組),機械工程學系（光機電工程組)_table_1.csv,系訂 必修,電磁學 二擇一 近代物理導論,['ME3055'],,,,,,,3.0,,,
機械工程學系（光機電工程組),機械工程學系（光機電工程組)_table_1.csv,系訂 必修,微控制器,['ME1018'],3.0,組訂 必修,,3.0,,,,,,
機械工程學系（光機電工程組),機械工程學系（光機電工程組)_table_1.csv,系訂 必修,光機電工程概論,['ME1055'],2.0,,2.0,,,,,,,
機械工程學系（光機電工程組),機械工程學系（光機電工程組)_table_1.csv,系訂 必修,基礎工程光學 I / II,"['ME2003', 'ME2004']",3.0,,,,3.0,3.0,,,,
機械工程學系（光機電工程組),機械工程學系（光機電工程組)_table_1.csv,系訂 必修,基礎工程光學實驗,['ME2023'],1.0,,,,,1.0,,,,
機械工程學系（設計與分析組),機械工程學系（設計與分析組)_table_1.csv,共同 必修,國文,[],5.0,,,5.0,,,,,,
機械工程學系（設計與分析組),機械工程學系（設計與分析組)_table_1.csv,共同 必修,外文,[],3.0,,,3.0,3.0,,,,,
機械工程學系（設計與分析組),機械工程學系（設計與分析組)_table_1.csv,共同 必修,體育課程,[],0.0,,,0.0,0.0,0.0,0.0,0.0,,
機械工程學系（設計與分析組),機械工程學系（設計與分析組)_table_1.csv,共同 必修,服務學習課程,[],0.0,,,0.0,0.0,,,,,
機械工程學系（設計與分析組),機械工程學系（設計與分析組)_table_1.csv,共同 必修,通識課程(含核心必修、選修科目),[],14.0,,,14.0,,,,,,
機械工程學系（設計與分析組),機械工程學系（設計與分析組)_table_1.csv,院訂 必修,微積分,"['MA1003', 'MA1004']",3.0,,,3.0,3.0,,,,,
機械工程學系（設計與分析組),機械工程學系（設計與分析組)_table_1.csv,院訂 必修,工程程式設計,['EG1001'],3.0,,,3.0,,,,,,
機械工程學系（設計與分析組),機械工程學系（設計與分析組)_table_1.csv,院訂 必修,普通物理A,['PH1036'],3.0,,,,3.0,,,,,
機械工程學系（設計與分析組),機械工程學系（設計與分析組)_table_1.csv,系訂 必修,普物實驗,['PH1024'],1.0,,,,1.0,,,,,
機械工程學系（設計與分析組),機械工程學系（設計與分析組)_table_1.csv,系訂 必修,製造工程實習 I,['ME1041'],1.0,,,1.0,,,,,,
機械工程學系（設計與分析組),機械工程學系（設計與分析組)_table_1.csv,系訂 必修,機械製圖,"['ME2037', 'ME2038']",1.0,,,1.0,1.0,,,,,
機械工程學系（設計與分析組),機械工程學系（設計與分析組)_table_1.csv,系訂 必修,靜力與材料力學,['ME1006'],4.0,,,,4.0,,,,,
機械工程學系（設計與分析組),機械工程學系（設計與分析組)_table_1.csv,系訂 必修,工程數學 I / II,"['ME2001', 'ME2002']",3.0,,,,,3.0,3.0,,,
機械工程學系（設計與分析組),機械工程學系（設計與分析組)_table_1.csv,系訂 必修,機構學,['ME2035'],3.0,,,,,3.0,,,,
機械工程學系（設計與分析組),機械工程學系（設計與分析組)_table_1.csv,系訂 必修,電路及電子學,['ME2065'],,,,,,,3.0,,,
機械工程學系（設計與分析組),機械工程學系（設計與分析組)_table_1.csv,系訂 必修,電路及電子實驗,['ME2066'],,,,,,,1.0,,,
機械工程學系（設計與分析組),機械工程學系（設計與分析組)_table_1.csv,系訂 必修,動力學,['ME2013'],3.0,,,,,3.0,,,,
機械工程學系（設計與分析組),機械工程學系（設計與分析組)_table_1.csv,系訂 必修,材料科學,['ME2051'],3.0,,,,,3.0,,,,
機械工程學系（設計與分析組),機械工程學系（設計與分析組)_table_1.csv,系訂 必修,精密機械製造 I,['ME2056'],,,,,,,3.0,,,
機械工程學系（設計與分析組),機械工程學系（設計與分析組)_table_1.csv,系訂 必修,精密機械設計 I,['ME3043'],,,,,,,,3.0,,
機械工程學系（設計與分析組),機械工程學系（設計與分析組)_table_1.csv,系訂 必修,量測實驗,['ME3096'],,,,,,,,,1.0,
機械工程學系（設計與分析組),機械工程學系（設計與分析組)_table_1.csv,系訂 必修,自動控制 I,['ME4061'],,,,,,,,3.0,,
機械工程學系（設計與分析組),機械工程學系（設計與分析組)_table_1.csv,系訂 必修,熱力學 I,['ME2073'],3.0,,,,3.0,,,,,
機械工程學系（設計與分析組),機械工程學系（設計與分析組)_table_1.csv,系訂 必修,流體力學,['ME3081'],,,,,,,3.0,,,
機械工程學系（設計與分析組),機械工程學系（設計與分析組)_table_1.csv,系訂 必修,畢業專題,['ME4075'],,,,,,,,,,3.0
機械工程學系（設計與分析組),機械工程學系（設計與分析組)_table_1.csv,系訂 必修,二 擇 一,[],3055.0,,3055.0,,,,,3.0,,
機械工程學系（設計與分析組),機械工程學系（設計與分析組)_table_2.csv,組訂 必修,普通化學(必選,['EG1003'],3.0,組訂 必修,3.0,,,,,,,
機械工程學系（設計與分析組),機械工程學系（設計與分析組)_table_2.csv,,熱力學 II,['ME2072'],2.0,,,,2.0,,,,,
機械工程學系（設計與分析組),機械工程學系（設計與分析組)_table_2.csv,,材料實驗,['ME3095'],1.0,,,,,1.0,,,,
機械工程學系（設計與分析組),機械工程學系（設計與分析組)_table_2.csv,,熱流實驗,['ME3102'],,,,,,,1.0,,,
機械工程學系（設計與分析組),機械工程學系（設計與分析組)_table_2.csv,,精密機械設計II,['ME3044'],,,,,,,,3.0,,
機械工程學系（設計與分析組),機械工程學系（設計與分析組)_table_2.csv,,電腦輔助工程,['ME3061'],,,,,,,,3.0,,
機械工程學系（設計與分析組),機械工程學系（設計與分析組)_table_2.csv,,熱傳學,['ME3072'],,,,,,,3.0,,,
機械工程學系（設計與分析組),機械工程學系（設計與分析組)_table_2.csv,備註,一、共同必修 1共同科目修習及其他畢業條件，請見應修科目表注意事項。 2＊本系外文課程可自下列任選一種修課方式： (1) 修讀「大一英文」工程課群6學分。 (2) 修讀英文系開設之其他英文課程，通過且取得6學分。 (3) 修讀語言中心開設或認定之第二外語課程，但同一外語課程必須修讀並通過取得6學分。 ＊選修「進修英文」取得之學分，不列入本系之畢業學分總數。 3通識核心必修四大領域中至少須修習一個領域。 二、院、系、組訂必修 1必選科目成績不及格之科目學分，不列入取得之學分總數。 2 大一必選「普通化學」3學分，列本系選修科目。 3畢業標準：最低畢業總學分為134，必修科目99學分（包括共同必修與院、系、組訂必修），同時必須滿足下列各 類別之最低學分要求。 (1) 本系領域科目：由本系課程地圖中之八大【領域課程】（如附表）任選一領域修讀。 ①選擇「光機設計」、「機電控制」、「先進材料」、「精密製造」、「熱流與能源工程」、「應用力學與 設計」中任一領域15學分。所選讀【領域課程】中之「必修課程」若為本組之【組訂必修科目】，則不計為 前述【領域課程】之學分。 例: 若在【領域課程】中選「熱流與能源工程」，則須修讀【領域課程】中的「選修課程」15學分。 若在【領域課程】中選「精密製造」，則須修讀【領域課程】中的二門「必修課程」及其他「選修課 程」，合計至少15學分。其餘依此類推。 ②選擇「跨域專長」領域者，必須修習本校非機械相關系所之同一輔系、第二專長或學分學程之課程最低15 學分，始可採計為「跨域專長」領域學分。但與本系必修科目性質相同之課程不可列入，已列入「跨域專 長」領域課程之學分不得於【通識課程】、【本系選修科目】或【其他選修科目】中重複計算，如有爭議， 由本系課程委員會認定之。 ③選擇「自主學習」領域者，必須至少修習該領域13學分，包含「自主學習專題」4學分以及「領域選修」9 學分。由本系課程地圖中之「主題式課群」（如附表）任選一「主題式課群」修讀通過。 (2) 本系選修科目：必須至少修習本系(包含光機電所、能源所及材料所)選修科目9學分。 (3) 其他選修科目：不包括通識及進修英文課程 ①選擇「光機設計」、「機電控制」、「先進材料」、「精密製造」、「熱流與能源工程」、「應用力學與 設計」、「跨域專長」中任一領域者，必須至少修習【其他選修科目】11學分。 ②選擇「自主學習」領域者，必須至少修習【其他選修科目】13學分。 必修課程名稱凡具有 “II” 者必須先修 “I”（40分以上）後方可修習，機械製圖須先修機械製圖 4 (40分以上)。 三、雙主修規定：依本校「學生修讀雙主修辦法」辦理。,['ME2038'],,備註,,,,,,,,
永續防災專長,永續防災專長_table_1.csv,工學院學士班 永續防災 專長領域應修科目表(114學年度入學新生適用-附表3）,土木工程概論,['CI1002'],1.0,領域必修科目(30),,,1.0,,,,,
永續防災專長,永續防災專長_table_1.csv,工學院學士班 永續防災 專長領域應修科目表(114學年度入學新生適用-附表3）,測量學,['CI1009'],3.0,,,,3.0,,,,,
永續防災專長,永續防災專長_table_1.csv,工學院學士班 永續防災 專長領域應修科目表(114學年度入學新生適用-附表3）,測量實習,['CI1010'],1.0,,,,1.0,,,,,
永續防災專長,永續防災專長_table_1.csv,工學院學士班 永續防災 專長領域應修科目表(114學年度入學新生適用-附表3）,應用力學,['CI1005'],3.0,,,,,3.0,,,,
永續防災專長,永續防災專長_table_1.csv,工學院學士班 永續防災 專長領域應修科目表(114學年度入學新生適用-附表3）,工程材料學,['CI2005'],3.0,,,,,3.0,,,,
永續防災專長,永續防災專長_table_1.csv,工學院學士班 永續防災 專長領域應修科目表(114學年度入學新生適用-附表3）,材料力學,['CI2004'],,,,,,,3.0,,,
永續防災專長,永續防災專長_table_1.csv,工學院學士班 永續防災 專長領域應修科目表(114學年度入學新生適用-附表3）,流體力學,['CI2011'],,,,,,,3.0,,,
永續防災專長,永續防災專長_table_1.csv,工學院學士班 永續防災 專長領域應修科目表(114學年度入學新生適用-附表3）,工程數學 I,"['CI2017', 'ME2001', 'CH2009']",,,,,,,3.0,,,
永續防災專長,永續防災專長_table_1.csv,工學院學士班 永續防災 專長領域應修科目表(114學年度入學新生適用-附表3）,空間資訊學概論,['CI2027'],,,,,,,,,3.0,
永續防災專長,永續防災專長_table_1.csv,工學院學士班 永續防災 專長領域應修科目表(114學年度入學新生適用-附表3）,土壤力學 I,['CI3003'],,,,,,,,3.0,,
永續防災專長,永續防災專長_table_1.csv,工學院學士班 永續防災 專長領域應修科目表(114學年度入學新生適用-附表3）,地理資訊系統通論,['CI4050'],,,,,,,,,3.0,
永續防災專長,永續防災專長_table_1.csv,工學院學士班 永續防災 專長領域應修科目表(114學年度入學新生適用-附表3）,工程圖學,['CI2007'],,,,,,,,,,1.0
永續防災專長,永續防災專長_table_2.csv,,自主跨域選修 (36),[],,,,,,,,,,
永續防災專長,永續防災專長_table_2.csv,備註,領域必修科目計30學分，領域選修科目學分計36學分，工程數學 I 與 II 需修習同一學系開授之課程，最低畢業學 分：128學分。,[],,備註,,,,,,,,
法國語文學系,法國語文學系_table_1.csv,,國文,[],5.0,,5.0,,,,,,,
法國語文學系,法國語文學系_table_1.csv,,外文,[],3.0,,3.0,3.0,,,,,,
法國語文學系,法國語文學系_table_1.csv,共同必修,體育課程,[],0.0,共同必修,0.0,0.0,0.0,0.0,0.0,,,
法國語文學系,法國語文學系_table_1.csv,,服務學習課程,[],0.0,,0.0,0.0,,,,,,
法國語文學系,法國語文學系_table_1.csv,,通識課程(含核心必修、選修科目),[],14.0,,14.0,,,,,,,
法國語文學系,法國語文學系_table_1.csv,系訂必修,口語表達(一,"['FR1019', 'FR1020']",2.0,系訂必修,2.0,2.0,,,,,,
法國語文學系,法國語文學系_table_1.csv,,文法與寫作,"['FR1033', 'FR1034']",4.0,,4.0,4.0,,,,,,
法國語文學系,法國語文學系_table_1.csv,,讀本,"['FR1023', 'FR1024']",4.0,,4.0,4.0,,,,,,
法國語文學系,法國語文學系_table_1.csv,,法文文選(一,"['FR1039', 'FR1040']",2.0,,2.0,2.0,,,,,,
法國語文學系,法國語文學系_table_1.csv,,口語表達(二,"['FR2029', 'FR2030']",2.0,,,,2.0,2.0,,,,
法國語文學系,法國語文學系_table_1.csv,,寫作(二,"['FR2031', 'FR2032']",2.0,,,,2.0,2.0,,,,
法國語文學系,法國語文學系_table_1.csv,,文法(二,"['FR2043', 'FR2044']",2.0,,,,2.0,2.0,,,,
法國語文學系,法國語文學系_table_1.csv,,中譯法(一) / (二,"['FR2035', 'FR3047']",2.0,,,,2.0,,2.0,,,
法國語文學系,法國語文學系_table_1.csv,,法文文選(二,"['FR2039', 'FR2040']",2.0,,,,2.0,2.0,,,,
法國語文學系,法國語文學系_table_1.csv,,法譯中(一) / (二,"['FR2036', 'FR3048']",2.0,,,,2.0,,2.0,,,
法國語文學系,法國語文學系_table_1.csv,,口語表達(三,"['FR3041', 'FR3042']",,,,,,,2.0,2.0,,
法國語文學系,法國語文學系_table_1.csv,,寫作(三,"['FR3043', 'FR3044']",,,,,,,2.0,2.0,,
物理學系,物理學系_table_1.csv,共同 必修,國文,[],5.0,,5.0,,,,,,,
物理學系,物理學系_table_1.csv,共同 必修,外文,[],3.0,,3.0,3.0,,,,,,
物理學系,物理學系_table_1.csv,共同 必修,體育課程,[],0.0,,0.0,0.0,0.0,0.0,0.0,,,
物理學系,物理學系_table_1.csv,共同 必修,服務學習課程,[],0.0,,0.0,0.0,,,,,,
物理學系,物理學系_table_1.csv,共同 必修,通識課程(含核心必修、選修科目),[],14.0,,14.0,,,,,,,
物理學系,物理學系_table_1.csv,系訂 必修,微積分,"['MA1001', 'MA1002']",4.0,,4.0,4.0,,,,,,
物理學系,物理學系_table_1.csv,系訂 必修,實驗物理與方法 I,"['PH1029', 'PH1030']",6.0,,6.0,6.0,,,,,,
物理學系,物理學系_table_1.csv,系訂 必修,力學,['PH1027'],4.0,,4.0,,,,,,,
物理學系,物理學系_table_1.csv,系訂 必修,電磁學,['PH1028'],4.0,,,4.0,,,,,,
物理學系,物理學系_table_1.csv,系訂 必修,應用數學,"['PH2003', 'PH2004']",3.0,,,,3.0,3.0,,,,
物理學系,物理學系_table_1.csv,系訂 必修,熱物理,['PH3011'],3.0,,,,3.0,,,,,
物理學系,物理學系_table_1.csv,系訂 必修,量子物理,['PH3009'],3.0,,,,,3.0,,,,
物理學系,物理學系_table_1.csv,系訂 必修,實驗物理與方法 II,"['PH2029', 'PH2030']",6.0,,,,6.0,6.0,,,,
物理學系,物理學系_table_1.csv,系訂 必修,跨領域課程（見備註二、2）,[],6.0,,6.0,,,,,,,
物理學系,物理學系_table_1.csv,系訂 必修,一、共同必修 1 共同科目修習及其他畢業條件，請見應修科目表注意事項。 2 本系新生外文課程可從下列三種外文課程中任選一種： (一)「大一英文」科學課群6學分。 (二) 英文系開設之其他英文課程修滿6學分。 (三) 語言中心開設或認定之第二外語課程，但同一外語課程必須修滿6學分。,[],,備註,,,,,,,,
物理學系,物理學系_table_1.csv,系訂 必修,3 選修「進修英文」取得之學分，不列入本系之畢業學分總數。,[],,,,,,,,,,
物理學系,物理學系_table_1.csv,系訂 必修,4 通識核心必修為人文與思想、應用科學、社會思潮與現象三大領域中至少須修習一個領域。 二、系訂必修 1 共同必修科目25學分，系必修科目58學分。最低畢業學分：128。 2 必須選修並通過外系課程6學分（指非通識及非物理系課程；課程名稱或課程內容與物理系課程相近者 不予採認為跨領域課程）。 3 學生須任選甲類或乙類修習並通過。 (1)甲類：以下課程須擇二科(共6學分)修習並通過：計算物理導論()、近代物理實驗()、電 子學(含實驗)I / II ()、物理專題I / II / III / IV ( )、業界實習 I / II / III / IV ( ) (2)乙類：以下課程須擇二組(共12學分)修習並通過： ①物理專題I ()、論文研習與撰寫I ()。 ②物理專題II ()、論文研習與撰寫II ()。 ③物理專題III ()、論文研習與撰寫III ()。 ④物理專題IV ()、論文研習與撰寫IV ()。 乙類學生於修業期間，必須符合下列條件： ①參加物理小年會壁報展並報告； ②完成畢業論文，並於畢業離校前繳交論文pdf檔至系辦公室，論文格式比照碩士論文； ③須舉行並通過(及格)論文口試，口試須由至少二位委員評分，口試成績為當學期「論文研習與撰 寫」學期成績。 (3) 修習「論文研習與撰寫」任一課程，皆須比照碩士論文格式完成學士論文並繳交pdf檔至系辦公室， 始得列入畢業學分。 4 修業期限內至少選修並通過本系(PH開頭)選修科目（專題類課程除外）：甲類~15學分、乙類~9學分。 三、雙主修規定：依本校「學生修讀雙主修辦法」辦理。,['PH3057'],,,,,,,,,,
物理領域專長【1140924修訂版】,物理領域專長【1140924修訂版】_table_1.csv,理學院 理學院學士班物理領域應修科目表 (114學年度入學新生適用),領域 專長 必修,[],1027.0,,1027.0,,,4.0,,,,
物理領域專長【1140924修訂版】,物理領域專長【1140924修訂版】_table_1.csv,理學院 理學院學士班物理領域應修科目表 (114學年度入學新生適用),領域 專長 選修,[],1029.0,,1029.0,,,6.0,6.0,,,
物理領域專長【1140924修訂版】,物理領域專長【1140924修訂版】_table_1.csv,理學院 理學院學士班物理領域應修科目表 (114學年度入學新生適用),1,[],33.0,備 註,33.0,,,,,,,
物理領域專長【1140924修訂版】,物理領域專長【1140924修訂版】_table_1.csv,理學院 理學院學士班物理領域應修科目表 (114學年度入學新生適用),2,[],20.0,,20.0,,,,,,,
理學院學士班,理學院學士班_table_1.csv,理學院 理學院學士班應修科目表(114學年度入學新生適用),共同必修,[],5.0,,,,5.0,,,,,
理學院學士班,理學院學士班_table_1.csv,理學院 理學院學士班應修科目表(114學年度入學新生適用),班訂必修,[],1001.0,,1001.0,,4.0,4.0,,,,
理學院學士班,理學院學士班_table_1.csv,理學院 理學院學士班應修科目表(114學年度入學新生適用),班訂選修,[],4002.0,,4002.0,,,,,,1.0,
理學院學士班,理學院學士班_table_1.csv,理學院 理學院學士班應修科目表(114學年度入學新生適用),管理學院,[],1021.0,班訂跨院選修 (至少 6 學分),1021.0,,3.0,,,,,
理學院學士班,理學院學士班_table_1.csv,理學院 理學院學士班應修科目表(114學年度入學新生適用),工學院,[],1005.0,,1005.0,,3.0,,,,,
理學院學士班,理學院學士班_table_1.csv,理學院 理學院學士班應修科目表(114學年度入學新生適用),資電學院,[],2002.0,,2002.0,,3.0,,,,,
理學院學士班,理學院學士班_table_1.csv,理學院 理學院學士班應修科目表(114學年度入學新生適用),地科學院,[],2011.0,,2011.0,,3.0,,,,,
生命科學系,生命科學系_table_1.csv,共同 必修,國文,[],5.0,,5.0,,,,,,,
生命科學系,生命科學系_table_1.csv,共同 必修,外文,[],3.0,,3.0,3.0,,,,,,
生命科學系,生命科學系_table_1.csv,共同 必修,體育課程,[],0.0,,0.0,0.0,0.0,0.0,0.0,,,
生命科學系,生命科學系_table_1.csv,共同 必修,服務學習課程,[],0.0,,0.0,0.0,,,,,,
生命科學系,生命科學系_table_1.csv,共同 必修,通識課程(含核心必修、選修科目),[],14.0,,14.0,,,,,,,
生命科學系,生命科學系_table_1.csv,共同 必修,生物統計學-R語言,['HT3001'],,學院 必修,,,,,3.0,,,
生命科學系,生命科學系_table_1.csv,共同 必修,微積分,['MA1001'],4.0,,4.0,,,,,,,
生命科學系,生命科學系_table_1.csv,共同 必修,普通化學,"['CM1009', 'CM1010']",3.0,,3.0,3.0,,,,,,
生命科學系,生命科學系_table_1.csv,共同 必修,普通化學實驗,['CM1008'],1.0,,1.0,,,,,,,
生命科學系,生命科學系_table_1.csv,共同 必修,普通生物學,"['LS1001', 'LS1002']",3.0,,3.0,3.0,,,,,,
生命科學系,生命科學系_table_1.csv,共同 必修,普通生物學實驗,"['LS1003', 'LS1004']",1.0,,1.0,1.0,,,,,,
生命科學系,生命科學系_table_1.csv,共同 必修,普通物理B,['PH1038'],3.0,,,3.0,,,,,,
生命科學系,生命科學系_table_1.csv,共同 必修,有機化學,"['LS2005', 'LS2006']",3.0,,,,3.0,3.0,,,,
生命科學系,生命科學系_table_1.csv,共同 必修,生物化學,"['LS2001', 'LS2002']",3.0,,,,3.0,3.0,,,,
生命科學系,生命科學系_table_1.csv,共同 必修,生物化學實驗,"['LS2003', 'LS2004']",1.0,,,,1.0,1.0,,,,
生命科學系,生命科學系_table_1.csv,共同 必修,微生物學,['LS3003'],3.0,,,,3.0,,,,,
生命科學系,生命科學系_table_1.csv,共同 必修,植物生理學,['LS3001'],3.0,,,,,3.0,,,,
生命科學系,生命科學系_table_1.csv,共同 必修,植物生理學實驗,['LS2014'],1.0,,,,,1.0,,,,
生命科學系,生命科學系_table_1.csv,共同 必修,細胞學,"['LS2019', 'LS2020']",,,,,,,2.0,2.0,,
生命科學系,生命科學系_table_1.csv,共同 必修,遺傳學,['LS2010'],,,,,,,3.0,,,
生命科學系,生命科學系_table_1.csv,共同 必修,分子生物學,"['LS3035', 'LS3036']",,,,,,,2.0,2.0,,
生命科學系,生命科學系_table_1.csv,共同 必修,動物生理學,['LS3018'],,,,,,,,4.0,,
生命科學系,生命科學系_table_1.csv,共同 必修,動物生理學實驗,['LS3020'],,,,,,,,1.0,,
生命科學系,生命科學系_table_1.csv,共同 必修,書報討論 I / II,"['LS4001', 'LS4002']",,,,,,,,,1.0,1.0
生命科學系,生命科學系_table_2.csv,,生態學,['LS4015'],,,,,,,,,3.0,
生命科學系,生命科學系_table_2.csv,備註,一、共同必修 1 共同科目修習及其他畢業條件，請見應修科目表注意事項。 2 本系新生外文課程：可修「大一英文」科學課群6學分或英文系之其他課程，但不得以第二外語課程抵免「大一英 文」學分。,[],,備註,,,,,,,,
生命科學系,生命科學系_table_2.csv,,3 選修「進修英文」取得之學分，不列入本系之畢業學分總數。,[],,,,,,,,,,
生命科學系,生命科學系_table_2.csv,,4 通識課程: 通識核心必修四大領域中至少須修習一個領域，但不含「基因與遺傳」。 二、學院及學系必/選訂修規定 1 必修科目計 92學分，最低畢業學分為128，且不含通識課程的「基因與遺傳」。 2 修業期限內至少選修並通過本系（LS字頭）選修科目15學分，其中必須包含專題研究課程至少一門，且最多只承認二 門研究所的專題課程學分，超修部分不予承認。 三、雙主修規定 1 依本校「學生修讀雙主修辦法」辦理。 2 申請本系為雙主修的同學，除依本校雙主修辦法之規定辦理之外，修滿學院及學系必修科目學分 (共67學分)即可取得 雙主修資格。但本系規定之必修課程應在本系修課為原則，在本系以外所修讀同名稱、同學分之必修課程必須經過本 系認可始可抵免(抵修)。,[],,,,,,,,,,
生命科學領域專長,生命科學領域專長_table_1.csv,理學院 理學院學士班生命科學領域應修科目表 (114學年度入學新生適用),領域 專長 必修,[],2001.0,,2001.0,,,3.0,3.0,,,
生命科學領域專長,生命科學領域專長_table_1.csv,理學院 理學院學士班生命科學領域應修科目表 (114學年度入學新生適用),領域 專長 選修,[],3001.0,,3001.0,,,,,3.0,,
生命科學領域專長,生命科學領域專長_table_1.csv,理學院 理學院學士班生命科學領域應修科目表 (114學年度入學新生適用),1,[],33.0,備 註,33.0,,,,,,,
生命科學領域專長,生命科學領域專長_table_1.csv,理學院 理學院學士班生命科學領域應修科目表 (114學年度入學新生適用),2,[],20.0,,20.0,,,,,,,
生醫科學與工程學系,生醫科學與工程學系_table_1.csv,共同 必修,國文,[],5.0,,5.0,,,,,,,
生醫科學與工程學系,生醫科學與工程學系_table_1.csv,共同 必修,外文,[],3.0,,3.0,3.0,,,,,,
生醫科學與工程學系,生醫科學與工程學系_table_1.csv,共同 必修,體育課程,[],0.0,,0.0,0.0,0.0,0.0,0.0,,,
生醫科學與工程學系,生醫科學與工程學系_table_1.csv,共同 必修,服務學習課程,[],0.0,,0.0,0.0,,,,,,
生醫科學與工程學系,生醫科學與工程學系_table_1.csv,共同 必修,通識課程(含核心必修、選修科目),[],14.0,,14.0,,,,,,,
生醫科學與工程學系,生醫科學與工程學系_table_1.csv,院訂 必修,生物統計學-R語言應用,['HT3001'],,,,,,,3.0,,,
生醫科學與工程學系,生醫科學與工程學系_table_1.csv,系訂 必修,微積分,"['MA1001', 'MA1002']",4.0,,4.0,4.0,,,,,,
生醫科學與工程學系,生醫科學與工程學系_table_1.csv,系訂 必修,普通物理,['PH1031'],3.0,,3.0,,,,,,,
生醫科學與工程學系,生醫科學與工程學系_table_1.csv,系訂 必修,普通物理實驗,['PH1023'],1.0,,1.0,,,,,,,
生醫科學與工程學系,生醫科學與工程學系_table_1.csv,系訂 必修,普通化學,['CM1009'],3.0,,3.0,,,,,,,
生醫科學與工程學系,生醫科學與工程學系_table_1.csv,系訂 必修,普通化學實驗,['CM1008'],1.0,,1.0,,,,,,,
生醫科學與工程學系,生醫科學與工程學系_table_1.csv,系訂 必修,計算機概論,['BM1004'],3.0,,3.0,,,,,,,
生醫科學與工程學系,生醫科學與工程學系_table_1.csv,系訂 必修,人體生理與解剖學,['BM2031'],3.0,,,3.0,,,,,,
生醫科學與工程學系,生醫科學與工程學系_table_1.csv,系訂 必修,電子電路學,['BM2012'],3.0,,,,3.0,,,,,
生醫科學與工程學系,生醫科學與工程學系_table_1.csv,系訂 必修,電子電路學實驗,['BM2013'],1.0,,,,,1.0,,,,
生醫科學與工程學系,生醫科學與工程學系_table_1.csv,系訂 必修,工程數學(上)/(下,"['BM2010', 'BM2011']",3.0,,,,3.0,3.0,,,,
生醫科學與工程學系,生醫科學與工程學系_table_1.csv,系訂 必修,醫療器材設計原理及其應用,['BM2014'],3.0,,,,3.0,,,,,
生醫科學與工程學系,生醫科學與工程學系_table_1.csv,系訂 必修,專題研究(上)/(下,"['BM2037', 'BM2038']",1.0,,,,,1.0,1.0,,,
生醫科學與工程學系,生醫科學與工程學系_table_1.csv,系訂 必修,儀器分析,['BM2039'],3.0,,,,,3.0,,,,
生醫科學與工程學系,生醫科學與工程學系_table_1.csv,系訂 必修,物理化學,['BM2028'],,,,,,,3.0,,,
生醫科學與工程學系,生醫科學與工程學系_table_1.csv,系訂 必修,材料科學導論,['BM3006'],,,,,,,,3.0,,
生醫科學與工程學系,生醫科學與工程學系_table_1.csv,系訂 必修,統計機器學習基礎,['BM3029'],,,,,,,,3.0,,
生醫科學與工程學系,生醫科學與工程學系_table_1.csv,系訂 必修,學士論文 I / II,"['BM4003', 'BM4004']",,,,,,,,0.0,0.0,
生醫科學與工程學系,生醫科學與工程學系_table_1.csv,系訂 必修,普通生物學,['BM1009'],3.0,生醫 科學 組組 必修,,3.0,,,,,,
生醫科學與工程學系,生醫科學與工程學系_table_1.csv,系訂 必修,普通物理,['PH1032'],3.0,,,3.0,,,,,,
生醫科學與工程學系,生醫科學與工程學系_table_1.csv,系訂 必修,普通化學,['CM1010'],3.0,,,3.0,,,,,,
生醫科學與工程學系,生醫科學與工程學系_table_1.csv,系訂 必修,生物化學,['BM2036'],3.0,,,,3.0,,,,,
生醫科學與工程學系,生醫科學與工程學系_table_1.csv,系訂 必修,程式語言,['BM2004'],3.0,,,,3.0,,,,,
生醫科學與工程學系,生醫科學與工程學系_table_1.csv,系訂 必修,細胞分子生物學,['BM2045'],2.0,,,,,2.0,,,,
生醫科學與工程學系,生醫科學與工程學系_table_1.csv,系訂 必修,分子醫學,['BM3032'],,,,,,,2.0,,,
生醫科學與工程學系,生醫科學與工程學系_table_1.csv,系訂 必修,數據科學導論,['BM3018'],,,,,,,3.0,,,
生醫科學與工程學系,生醫科學與工程學系_table_1.csv,系訂 必修,生醫技術暨微奈米晶片設計與應用,['BM3033'],,,,,,,3.0,,,
生醫科學與工程學系,生醫科學與工程學系_table_1.csv,系訂 必修,人工智慧程式入門,['BM1011'],3.0,醫學 工程 與資 訊科 學組 組必 修,,3.0,,,,,,
生醫科學與工程學系,生醫科學與工程學系_table_1.csv,系訂 必修,線性代數,['BM3023'],3.0,,,,3.0,,,,,
生醫科學與工程學系,生醫科學與工程學系_table_1.csv,系訂 必修,資料結構,['BM2040'],3.0,,,,,3.0,,,,
生醫科學與工程學系,生醫科學與工程學系_table_1.csv,系訂 必修,作業系統概論,['BM2041'],3.0,,,,,3.0,,,,
生醫科學與工程學系,生醫科學與工程學系_table_1.csv,系訂 必修,醫用物理,['BM2042'],3.0,,,,,3.0,,,,
生醫科學與工程學系,生醫科學與工程學系_table_1.csv,系訂 必修,微電子學,['BM2043'],3.0,,,,,3.0,,,,
生醫科學與工程學系,生醫科學與工程學系_table_1.csv,系訂 必修,訊號與系統,['BM3027'],,,,,,,3.0,,,
生醫科學與工程學系,生醫科學與工程學系_table_1.csv,系訂 必修,微處理器與嵌入式系統,['BM3028'],,,,,,,3.0,,,
生醫科學與工程學系,生醫科學與工程學系_table_1.csv,系訂 必修,演算法,['BM3022'],,,,,,,,3.0,,
生醫領域專長,生醫領域專長_table_1.csv,理學院 理學院學士班生醫領域應修科目表 (114學年度入學新生適用),A組,[],2014.0,領域 專長 必修,2014.0,,,3.0,,,,
生醫領域專長,生醫領域專長_table_1.csv,理學院 理學院學士班生醫領域應修科目表 (114學年度入學新生適用),B組,[],2012.0,,2012.0,,,3.0,,,,
生醫領域專長,生醫領域專長_table_1.csv,理學院 理學院學士班生醫領域應修科目表 (114學年度入學新生適用),A組,[],1010.0,領域 專長 選修,1010.0,,3.0,,,,,
生醫領域專長,生醫領域專長_table_1.csv,理學院 理學院學士班生醫領域應修科目表 (114學年度入學新生適用),B組,[],1011.0,,1011.0,,3.0,,,,,
生醫領域專長,生醫領域專長_table_1.csv,理學院 理學院學士班生醫領域應修科目表 (114學年度入學新生適用),1,[],,備註,,,,,,,,
生醫領域專長,生醫領域專長_table_1.csv,理學院 理學院學士班生醫領域應修科目表 (114學年度入學新生適用),2,[],33.0,,33.0,,,,,,,
生醫領域專長,生醫領域專長_table_1.csv,理學院 理學院學士班生醫領域應修科目表 (114學年度入學新生適用),3,[],20.0,,20.0,,,,,,,
經濟學系,經濟學系_table_1.csv,共同 必修,國文,[],5.0,,,5.0,,,,,,
經濟學系,經濟學系_table_1.csv,共同 必修,外文,[],3.0,,,3.0,3.0,,,,,
經濟學系,經濟學系_table_1.csv,共同 必修,體育課程,[],0.0,,,0.0,0.0,0.0,0.0,0.0,,
經濟學系,經濟學系_table_1.csv,共同 必修,服務學習課程,[],0.0,,,0.0,0.0,,,,,
經濟學系,經濟學系_table_1.csv,共同 必修,通識課程(含核心必修、選修科目),[],14.0,,,14.0,,,,,,
經濟學系,經濟學系_table_1.csv,院訂 必修,經濟學,"['MT1011', 'MT1012']",3.0,,,3.0,3.0,,,,,
經濟學系,經濟學系_table_1.csv,院訂 必修,企業概論,['MT1021'],3.0,,,,3.0,,,,,
經濟學系,經濟學系_table_1.csv,院訂 必修,會計學,"['MT1031', 'MT1032']",3.0,,,3.0,3.0,,,,,
經濟學系,經濟學系_table_1.csv,院訂 必修,統計學,"['MT2041', 'MT2042']",3.0,,,,,3.0,3.0,,,
經濟學系,經濟學系_table_1.csv,院訂 必修,程式設計:Python,['MT1051'],3.0,,,3.0,,,,,,
經濟學系,經濟學系_table_1.csv,系訂 必修,微積分,"['MA1005', 'MA1006']",3.0,,,3.0,3.0,,,,,
經濟學系,經濟學系_table_1.csv,系訂 必修,個體經濟學,"['EC2003', 'EC2004']",3.0,,,,,3.0,3.0,,,
經濟學系,經濟學系_table_1.csv,系訂 必修,總體經濟學,"['EC2005', 'EC2006']",3.0,,,,,3.0,3.0,,,
經濟學系,經濟學系_table_1.csv,系訂 必修,六科 擇三,[],3077.0,,3077.0,,,,,3.0,,
經濟學系,經濟學系_table_1.csv,系訂 必修,國際金融,['EC3072'],,,,,,,,3.0,,
經濟學系,經濟學系_table_1.csv,系訂 必修,國際貿易,['EC3071'],,,,,,,,,3.0,
經濟學系,經濟學系_table_1.csv,系訂 必修,當前經濟議題,['EC4018'],,,,,,,,,,3.0
經濟學系,經濟學系_table_1.csv,系訂 必修,一 、共同必修 1 共同科目修習及其他畢業條件，請見應修科目表注意事項。 2 本系新生外文課程：一律必修「大一英文」管理課群6學分。 3 選修「進修英文」取得之學分，不列入本系之畢業學分總數。 4 通識課程之核心必修為四大領域中任選三大領域修習，並此三大領域至少各修習一門課。經濟學 相關課程一律不計入14通識學分(清單請至經濟系辦查詢)。 二 、院、系訂必修 1 必修科目計85學分，最低畢業學分：128 2 修業期限內至少修習且通過本系選修科目23學分。 3 除校定通識學分外，通識學分至多認列6學分為最低畢業學分。 4 管院「數位素養」必選課程6學分，範圍包括： (1) 「企業資源規劃」學分學程修課表中所列課程。 (2) 「商業智慧與分析」學分學程修課表中所列課程。(排除EC課號課程) (3) 「金融科技」學分學程修課表中所列 IM 開頭課號課程。(排除EC課號課程) (4) 本系課程委員會承認之數位商品課程。 三 、雙主修規定 1 依本校「學生修讀雙主修辦法」辦理。 2 專業必修科目計60學分，本系選修科目任選14學分。,[],,備註,,,,,,,,
綠色科技專長,綠色科技專長_table_1.csv,工學院學士班 綠色科技 專長領域應修科目表(114學年度入學新生適用-附表4）,有機化學,"['CH2001', 'CH2002']",3.0,領域必修科目(41),,,,3.0,3.0,,,
綠色科技專長,綠色科技專長_table_1.csv,工學院學士班 綠色科技 專長領域應修科目表(114學年度入學新生適用-附表4）,物理化學,"['CH2005', 'CH2006']",3.0,,,,,3.0,3.0,,,
綠色科技專長,綠色科技專長_table_1.csv,工學院學士班 綠色科技 專長領域應修科目表(114學年度入學新生適用-附表4）,工程數學 I / II,"['ME2001', 'ME2002', 'CH2009']",3.0,,,,,3.0,3.0,,,
綠色科技專長,綠色科技專長_table_1.csv,工學院學士班 綠色科技 專長領域應修科目表(114學年度入學新生適用-附表4）,質能平衡與化工計算,['CH1012'],,,,,,,3.0,,,
綠色科技專長,綠色科技專長_table_1.csv,工學院學士班 綠色科技 專長領域應修科目表(114學年度入學新生適用-附表4）,基礎材料化學實驗 I,['CH1022'],,,,,,,1.0,,,
綠色科技專長,綠色科技專長_table_1.csv,工學院學士班 綠色科技 專長領域應修科目表(114學年度入學新生適用-附表4）,輸送現象與單元操作 I / II / III,"['CH2021', 'CH3042', 'CH3043']",,,,,,,3.0,3.0,3.0,
綠色科技專長,綠色科技專長_table_1.csv,工學院學士班 綠色科技 專長領域應修科目表(114學年度入學新生適用-附表4）,化工與材料熱力學 I / II,"['CH3059', 'CH3060']",,,,,,,,3.0,3.0,
綠色科技專長,綠色科技專長_table_1.csv,工學院學士班 綠色科技 專長領域應修科目表(114學年度入學新生適用-附表4）,化學反應工程,['CH3011'],,,,,,,,,3.0,
綠色科技專長,綠色科技專長_table_1.csv,工學院學士班 綠色科技 專長領域應修科目表(114學年度入學新生適用-附表4）,化工與材料實驗 II,['CH4059'],,,,,,,,,1.0,
綠色科技專長,綠色科技專長_table_1.csv,工學院學士班 綠色科技 專長領域應修科目表(114學年度入學新生適用-附表4）,任選15學分 (15),[],1005.0,領域選修科目(15),1005.0,,,3.0,,,,
綠色科技專長,綠色科技專長_table_1.csv,工學院學士班 綠色科技 專長領域應修科目表(114學年度入學新生適用-附表4）,自主跨域選修 (15),[],,,,,,,,,,
綠色科技專長,綠色科技專長_table_1.csv,工學院學士班 綠色科技 專長領域應修科目表(114學年度入學新生適用-附表4）,領域必修科目計41學分，領域選修科目學分計15學分，工程數學I 與II需修習同一學系開授之課程，最低畢業學分：128學 分。,[],,備註,,,,,,,,
網路工程專長,網路工程專長_table_1.csv,資訊電機學院學士班 網路工程 專長領域應修科目表(114學年度入學新生適用-附表四),計算機概論 II,['CE1002'],3.0,必修學分 (31),3.0,,,,,,,
網路工程專長,網路工程專長_table_1.csv,資訊電機學院學士班 網路工程 專長領域應修科目表(114學年度入學新生適用-附表四),計算機實習 II,['CE1004'],1.0,,1.0,,,,,,,
網路工程專長,網路工程專長_table_1.csv,資訊電機學院學士班 網路工程 專長領域應修科目表(114學年度入學新生適用-附表四),離散數學,['CE2003'],3.0,,3.0,,,,,,,
網路工程專長,網路工程專長_table_1.csv,資訊電機學院學士班 網路工程 專長領域應修科目表(114學年度入學新生適用-附表四),機率/機率/機率與統計,"['CO3003', 'EE4020', 'CE2006']",3.0,,3.0,,,,,,,
網路工程專長,網路工程專長_table_1.csv,資訊電機學院學士班 網路工程 專長領域應修科目表(114學年度入學新生適用-附表四),資料結構,"['CO2012', 'CE2002', 'EE2007']",3.0,,3.0,,,,,,,
網路工程專長,網路工程專長_table_1.csv,資訊電機學院學士班 網路工程 專長領域應修科目表(114學年度入學新生適用-附表四),微算機原理/微算機原理與 實作/組合語言與系統程式,"['CO3006', 'EE3046', 'CE2012']",3.0,,3.0,,,,,,,
網路工程專長,網路工程專長_table_1.csv,資訊電機學院學士班 網路工程 專長領域應修科目表(114學年度入學新生適用-附表四),網路概論/計算機網路,"['CO3005', 'CE3007']",3.0,,3.0,,,,,,,
網路工程專長,網路工程專長_table_1.csv,資訊電機學院學士班 網路工程 專長領域應修科目表(114學年度入學新生適用-附表四),作業系統,['CE3002'],3.0,,3.0,,,,,,,
網路工程專長,網路工程專長_table_1.csv,資訊電機學院學士班 網路工程 專長領域應修科目表(114學年度入學新生適用-附表四),計算機組織/計算機組織/計 算機組織,"['CO3020', 'CE3001', 'EE3035']",3.0,,3.0,,,,,,,
網路工程專長,網路工程專長_table_1.csv,資訊電機學院學士班 網路工程 專長領域應修科目表(114學年度入學新生適用-附表四),信號與系統/訊號與系統,"['EE3009', 'CO3004']",3.0,,3.0,,,,,,,
網路工程專長,網路工程專長_table_1.csv,資訊電機學院學士班 網路工程 專長領域應修科目表(114學年度入學新生適用-附表四),演算法/演算法,"['CE3005', 'CO2014']",3.0,,3.0,,,,,,,
網路工程專長,網路工程專長_table_1.csv,資訊電機學院學士班 網路工程 專長領域應修科目表(114學年度入學新生適用-附表四),1.選擇本專長領域者，應修習並通過必修31學分、資通訊與電通訊實驗群組Δ課程至少6學分、及資電學院開授 課程至少21學分。,[],,,,,,,,,,
網路工程專長,網路工程專長_table_1.csv,資訊電機學院學士班 網路工程 專長領域應修科目表(114學年度入學新生適用-附表四),2.資通訊與電通訊實驗群組Δ課程詳見電機系及通訊系課程列表。,[],,,,,,,,,,
能源材料專長,能源材料專長_table_1.csv,領域必 修科目 (35),能源與材料科學導論 EI 1102,[],3.0,領域必 修科目 (35),,,3.0,,,,,
能源材料專長,能源材料專長_table_1.csv,,物理化學,['CH2005'],,,,,,,3.0,,,
能源材料專長,能源材料專長_table_1.csv,,材料化學,['CH2031'],,,,,,,3.0,,,
能源材料專長,能源材料專長_table_1.csv,,工程數學 I / II,"['ME2001', 'ME2002', 'CH2009', 'CH2010', 'CI2017', 'CI2018']",,,,,,,3.0,3.0,,
能源材料專長,能源材料專長_table_1.csv,,靜力與材料力學,['ME1006'],,,,,,,,4.0,,
能源材料專長,能源材料專長_table_1.csv,,材料實驗,['ME3095'],,,,,,,,1.0,,
能源材料專長,能源材料專長_table_1.csv,,化工與材料熱力學 I/II,"['CH3059', 'CH3060']",,,,,,,,,3.0,3.0
能源材料專長,能源材料專長_table_1.csv,,儀器分析,['CH3012'],,,,,,,,,3.0,
能源材料專長,能源材料專長_table_1.csv,,先進材料,['ME3048'],,,,,,,,,,3.0
能源材料專長,能源材料專長_table_1.csv,,固態物理導論,['CH3055'],,,,,,,,,,
能源材料專長,能源材料專長_table_1.csv,領域選 修科目 (18),任選 十八 學分 (18),[],3.0,領域選 修科目 (18),3.0,1012.0,3.0,,,,,
能源材料專長,能源材料專長_table_1.csv,,自主跨域選 修 (18),[],,,,,,,,,,
能源材料專長,能源材料專長_table_1.csv,備註,領域必修科目計35學分，領域選修科目學分計18學分，工程數學I 與II需修習同一學系開授之課 程，最低畢業學分：128學分。,[],,備註,,,,,,,,
英美語文學系,英美語文學系_table_1.csv,,國文,[],5.0,,,5.0,,,,,,
英美語文學系,英美語文學系_table_1.csv,,外文,[],3.0,,,3.0,3.0,,,,,
英美語文學系,英美語文學系_table_1.csv,共同 必修,體育課程,[],0.0,,,0.0,0.0,0.0,0.0,0.0,,
英美語文學系,英美語文學系_table_1.csv,共同 必修,服務學習課程,[],0.0,,,0.0,0.0,,,,,
英美語文學系,英美語文學系_table_1.csv,共同 必修,通識課程(含核心必修、選修科目),[],14.0,,,14.0,,,,,,
英美語文學系,英美語文學系_table_1.csv,共同 必修,必選 一門,[],4201.0,,4201.0,,,,,3.0,,
英美語文學系,英美語文學系_table_1.csv,共同 必修,必修 三門,[],1201.0,系訂 必修 (專業 學科 類),1201.0,3.0,,,,,,
英美語文學系,英美語文學系_table_1.csv,共同 必修,必選 四門,[],2005.0,,2005.0,,,3.0,,,,
英美語文學系,英美語文學系_table_1.csv,共同 必修,一 共同必修 1共同科目修習及其他畢業條件，請見應修科目表注意事項。 2共同必修之外文課程須選修本系開設之任何課程6學分。語言中心的「大一英文」不列入本系外文課程。 3選修「進修英文」取得之學分，不列入本系之畢業學分總數。 4通識核心必修四大領域中至少須修習一個領域。 二 系訂必修 1最低畢業學分128。 2必修及必選修科目計 103 學分，其中本系課程須修滿78 學分。 (1). 語言訓練類至少必選30學分（除必修及必選之18學分外，應另選本類課程至少12學分） (2). 專業學科類至少必選48學分（除必修及必選之21學分外，應另選本類課程至少27學分） 3其餘25學分可自由選修校內外課程（不含本校語言中心開設之「進修英文」），但外校課程以本校未開設之課程為 原則。 三 雙主修規定: 依本校「學生修讀雙主修辦法」辦理。,[],,備註,,,,,,,,
財務金融學系,財務金融學系_table_1.csv,共同 必修,國文,[],5.0,,5.0,,,,,,,
財務金融學系,財務金融學系_table_1.csv,共同 必修,外文,[],3.0,,3.0,3.0,,,,,,
財務金融學系,財務金融學系_table_1.csv,共同 必修,體育課程,[],0.0,,0.0,0.0,0.0,0.0,0.0,,,
財務金融學系,財務金融學系_table_1.csv,共同 必修,服務學習課程,[],0.0,,0.0,0.0,,,,,,
財務金融學系,財務金融學系_table_1.csv,共同 必修,通識課程(含核心必修、選修科目),[],14.0,,14.0,,,,,,,
財務金融學系,財務金融學系_table_1.csv,院訂 必修,經濟學,"['MT1011', 'MT1012']",3.0,,3.0,3.0,,,,,,
財務金融學系,財務金融學系_table_1.csv,院訂 必修,企業概論,['MT1021'],3.0,,3.0,,,,,,,
財務金融學系,財務金融學系_table_1.csv,院訂 必修,會計學,"['MT1031', 'MT1032']",3.0,,3.0,3.0,,,,,,
財務金融學系,財務金融學系_table_1.csv,院訂 必修,統計學,"['MT2041', 'MT2042']",3.0,,,,3.0,3.0,,,,
財務金融學系,財務金融學系_table_1.csv,院訂 必修,程式設計:Python,['MT1051'],3.0,,3.0,,,,,,,
財務金融學系,財務金融學系_table_1.csv,系訂 必修,微積分,"['MA1005', 'MA1006']",3.0,,3.0,3.0,,,,,,
財務金融學系,財務金融學系_table_1.csv,系訂 必修,財務金融概論,['FM1011'],3.0,,,3.0,,,,,,
財務金融學系,財務金融學系_table_1.csv,系訂 必修,財務管理,"['FM2031', 'FM2032']",3.0,,,,3.0,3.0,,,,
財務金融學系,財務金融學系_table_1.csv,系訂 必修,"個體,總體經濟學","['FM2003', 'FM2004']",3.0,,,,3.0,3.0,,,,
財務金融學系,財務金融學系_table_1.csv,系訂 必修,投資學,['FM3017'],,,,,,,3.0,,,
財務金融學系,財務金融學系_table_1.csv,系訂 必修,期貨與選擇權,['FM3002'],,,,,,,3.0,,,
財務金融學系,財務金融學系_table_1.csv,系訂 必修,國際財務管理,['FM4001'],,,,,,,,3.0,,
財務金融學系,財務金融學系_table_1.csv,系訂 必修,金融機構與市場,['FM3036'],,,,,,,3.0,,,
財務金融學系,財務金融學系_table_1.csv,系訂 必修,財務報表分析,['FM3001'],,,,,,,,,3.0,
財務金融學系,財務金融學系_table_1.csv,系訂 必修,一、 共同必修 1 共同科目修習及其他畢業條件，請見應修科目表注意事項。 2 本系新生外文課程可從三種外文課程中任選一種。 3 (選1）修修「讀進「修大英一文英」文取」得管之理學課分群，6不學列分入。本系之畢業學分總數。 4 通識核心必修四大領域中至少須修習一個領域。 二 、院、系訂必修 1 必修科目計85學分，最低畢業學分：128。 2 (1) 修業期間內至少修習且通過選修科目43學分（不含通識課程及教育學程科目學分），其中須包含系訂選修科目18學 分(含)以上； (2) 系訂選修「民法概要」、「商事法」及「證券金融法規」三科擇二修習，本規定並適用於雙 主修同學。 (3) 系訂選修管理類課程「組織行為」及「行銷管理」二科擇一修習，本規定並適用於雙主修同學。 3 管院 「數位素養」必選課程6學分，範圍包括： (1) 「企業資源規劃」學分學程修課表中所列課程(排除FM課號課程) 。 (2) 「商業智慧與分析」學分學程修課表中所列課程(排除FM課號課程) 。 (3) 「金融科技」學分學程修課表中所列 IM開頭課號課程 。 (4) 本系課程委員會承認之數位商品課程 。 三、雙主修規定 1 依本校「學生修讀雙主修辦法」辦理。 2 本系選修「民法概要」、「商事法」、及「證券金融法規」三擇二修習。 3 本系選修「組織行為」及「行銷管理」二擇一修習。,['FM2009'],,備註,,,,,,,,
資訊工程學系,資訊工程學系_table_1.csv,,國文,[],5.0,,5.0,,,,,,,
資訊工程學系,資訊工程學系_table_1.csv,,外文,[],3.0,,3.0,3.0,,,,,,
資訊工程學系,資訊工程學系_table_1.csv,共同 必修,體育課程,[],0.0,,0.0,0.0,0.0,0.0,0.0,,,
資訊工程學系,資訊工程學系_table_1.csv,共同 必修,服務學習課程,[],0.0,,0.0,0.0,,,,,,
資訊工程學系,資訊工程學系_table_1.csv,共同 必修,通識課程(含核心必修、選修科目),[],14.0,,14.0,,,,,,,
資訊工程學系,資訊工程學系_table_1.csv,系訂 必修,微積分,"['MA1003', 'MA1004']",3.0,,3.0,3.0,,,,,,
資訊工程學系,資訊工程學系_table_1.csv,系訂 必修,計算機概論 I / II,"['CE1001', 'CE1002']",3.0,,3.0,3.0,,,,,,
資訊工程學系,資訊工程學系_table_1.csv,系訂 必修,計算機實習 I / II,"['CE1003', 'CE1004']",1.0,,1.0,1.0,,,,,,
資訊工程學系,資訊工程學系_table_1.csv,系訂 必修,工程數學,['CE1006'],3.0,,,3.0,,,,,,
資訊工程學系,資訊工程學系_table_1.csv,系訂 必修,數位系統導論,['CE2008'],3.0,,,3.0,,,,,,
資訊工程學系,資訊工程學系_table_1.csv,系訂 必修,數位系統實驗,['CE2010'],1.0,,,1.0,,,,,,
資訊工程學系,資訊工程學系_table_1.csv,系訂 必修,離散數學,['CE2003'],3.0,,3.0,,,,,,,
資訊工程學系,資訊工程學系_table_1.csv,系訂 必修,線性代數,['CE2005'],3.0,,,,3.0,,,,,
資訊工程學系,資訊工程學系_table_1.csv,系訂 必修,資料結構,['CE2002'],3.0,,,,3.0,,,,,
資訊工程學系,資訊工程學系_table_1.csv,系訂 必修,組合語言與系統程式,['CE2012'],3.0,,,,3.0,,,,,
資訊工程學系,資訊工程學系_table_1.csv,系訂 必修,機率與統計,['CE2006'],3.0,,,,3.0,,,,,
資訊工程學系,資訊工程學系_table_1.csv,系訂 必修,程式語言,['CE2004'],3.0,,,,,3.0,,,,
資訊工程學系,資訊工程學系_table_1.csv,系訂 必修,作業系統,['CE3002'],3.0,,,,,3.0,,,,
資訊工程學系,資訊工程學系_table_1.csv,系訂 必修,計算機組織,['CE3001'],3.0,,,,,3.0,,,,
資訊工程學系,資訊工程學系_table_1.csv,系訂 必修,演算法,['CE3005'],3.0,,,,,3.0,,,,
資訊工程學系,資訊工程學系_table_1.csv,系訂 必修,計算機網路,['CE3007'],,,,,,,3.0,,,
資訊工程學系,資訊工程學系_table_1.csv,系訂 必修,專題實驗,"['CE3008', 'CE4001']",,,,,,,2.0,2.0,,
資訊工程學系,資訊工程學系_table_1.csv,系訂 必修,編譯器,['CE3006'],,,,,,,3.0,,,
資訊工程專長,資訊工程專長_table_1.csv,,國文,[],5.0,,5.0,,,,,,,
資訊工程專長,資訊工程專長_table_1.csv,,外文,[],3.0,,3.0,3.0,,,,,,
資訊工程專長,資訊工程專長_table_1.csv,共同 必修,體育課程,[],0.0,,0.0,0.0,0.0,0.0,0.0,,,
資訊工程專長,資訊工程專長_table_1.csv,共同 必修,服務學習課程,[],0.0,,0.0,0.0,,,,,,
資訊工程專長,資訊工程專長_table_1.csv,共同 必修,通識課程(含核心必修、選修科目),[],14.0,,14.0,,,,,,,
資訊工程專長,資訊工程專長_table_1.csv,系訂 必修,微積分,"['MA1003', 'MA1004']",3.0,,3.0,3.0,,,,,,
資訊工程專長,資訊工程專長_table_1.csv,系訂 必修,計算機概論 I / II,"['CE1001', 'CE1002']",3.0,,3.0,3.0,,,,,,
資訊工程專長,資訊工程專長_table_1.csv,系訂 必修,計算機實習 I / II,"['CE1003', 'CE1004']",1.0,,1.0,1.0,,,,,,
資訊工程專長,資訊工程專長_table_1.csv,系訂 必修,工程數學,['CE1006'],3.0,,,3.0,,,,,,
資訊工程專長,資訊工程專長_table_1.csv,系訂 必修,數位系統導論,['CE2008'],3.0,,,3.0,,,,,,
資訊工程專長,資訊工程專長_table_1.csv,系訂 必修,數位系統實驗,['CE2010'],1.0,,,1.0,,,,,,
資訊工程專長,資訊工程專長_table_1.csv,系訂 必修,離散數學,['CE2003'],3.0,,3.0,,,,,,,
資訊工程專長,資訊工程專長_table_1.csv,系訂 必修,線性代數,['CE2005'],3.0,,,,3.0,,,,,
資訊工程專長,資訊工程專長_table_1.csv,系訂 必修,資料結構,['CE2002'],3.0,,,,3.0,,,,,
資訊工程專長,資訊工程專長_table_1.csv,系訂 必修,組合語言與系統程式,['CE2012'],3.0,,,,3.0,,,,,
資訊工程專長,資訊工程專長_table_1.csv,系訂 必修,機率與統計,['CE2006'],3.0,,,,3.0,,,,,
資訊工程專長,資訊工程專長_table_1.csv,系訂 必修,程式語言,['CE2004'],3.0,,,,,3.0,,,,
資訊工程專長,資訊工程專長_table_1.csv,系訂 必修,作業系統,['CE3002'],3.0,,,,,3.0,,,,
資訊工程專長,資訊工程專長_table_1.csv,系訂 必修,計算機組織,['CE3001'],3.0,,,,,3.0,,,,
資訊工程專長,資訊工程專長_table_1.csv,系訂 必修,演算法,['CE3005'],3.0,,,,,3.0,,,,
資訊工程專長,資訊工程專長_table_1.csv,系訂 必修,計算機網路,['CE3007'],,,,,,,3.0,,,
資訊工程專長,資訊工程專長_table_1.csv,系訂 必修,專題實驗,"['CE3008', 'CE4001']",,,,,,,2.0,2.0,,
資訊工程專長,資訊工程專長_table_1.csv,系訂 必修,編譯器,['CE3006'],,,,,,,3.0,,,
資訊管理學系,資訊管理學系_table_1.csv,共同 必修,國文,[],5.0,,,5.0,,,,,,
資訊管理學系,資訊管理學系_table_1.csv,共同 必修,外文,[],3.0,,,3.0,3.0,,,,,
資訊管理學系,資訊管理學系_table_1.csv,共同 必修,體育課程,[],0.0,,,0.0,0.0,0.0,0.0,0.0,,
資訊管理學系,資訊管理學系_table_1.csv,共同 必修,服務學習課程,[],0.0,,,0.0,0.0,,,,,
資訊管理學系,資訊管理學系_table_1.csv,共同 必修,通識課程(含核心必修、選修科目),[],14.0,,,14.0,,,,,,
資訊管理學系,資訊管理學系_table_1.csv,院訂 必修,會計學,"['MT1031', 'MT1032']",3.0,,,3.0,3.0,,,,,
資訊管理學系,資訊管理學系_table_1.csv,院訂 必修,企業概論,['MT1021'],3.0,,,3.0,,,,,,
資訊管理學系,資訊管理學系_table_1.csv,院訂 必修,統計學,"['MT2041', 'MT2042']",3.0,,,,,3.0,3.0,,,
資訊管理學系,資訊管理學系_table_1.csv,院訂 必修,經濟學,"['MT1011', 'MT1012']",3.0,,,,,3.0,3.0,,,
資訊管理學系,資訊管理學系_table_1.csv,系訂 必修,微積分,['MA1005'],3.0,,,3.0,,,,,,
資訊管理學系,資訊管理學系_table_1.csv,系訂 必修,計算機概論I,['IM1001'],3.0,,,3.0,,,,,,
資訊管理學系,資訊管理學系_table_1.csv,系訂 必修,程式設計,['IM1023'],3.0,,,,3.0,,,,,
資訊管理學系,資訊管理學系_table_1.csv,系訂 必修,資訊管理導論,['IM1018'],3.0,,,,3.0,,,,,
資訊管理學系,資訊管理學系_table_1.csv,系訂 必修,作業系統,['IM2046'],3.0,,,,,3.0,,,,
資訊管理學系,資訊管理學系_table_1.csv,系訂 必修,資料與檔案結構,['IM2011'],3.0,,,,,3.0,,,,
資訊管理學系,資訊管理學系_table_1.csv,系訂 必修,資料庫管理,['IM2002'],,,,,,,3.0,,,
資訊管理學系,資訊管理學系_table_1.csv,系訂 必修,企業資料通訊,['IM3061'],,,,,,,3.0,,,
資訊管理學系,資訊管理學系_table_1.csv,系訂 必修,行銷學,['IM3059'],,,,,,,,3.0,,
資訊管理學系,資訊管理學系_table_1.csv,系訂 必修,系統分析與設計,['IM3069'],,,,,,,,3.0,,
資訊管理學系,資訊管理學系_table_1.csv,系訂 必修,作業研究I,['IM3003'],,,,,,,,3.0,,
資訊管理學系,資訊管理學系_table_1.csv,系訂 必修,組織行為,['IM3070'],,,,,,,,3.0,,
資訊管理學系,資訊管理學系_table_1.csv,系訂 必修,人工智慧與機器學習,['IM3078'],,,,,,,,,3.0,
資訊管理學系,資訊管理學系_table_1.csv,系訂 必修,演算法,['IM2037'],,,,,,,,,3.0,
資訊管理學系,資訊管理學系_table_1.csv,系訂 必修,電子商務,['IM3031'],,,,,,,,,3.0,
資訊管理學系,資訊管理學系_table_1.csv,系訂 必修,資訊系統發展專題 I/Ⅱ,"['IM3028', 'IM4001']",,,,,,,,,3.0,3.0
資訊管理學系,資訊管理學系_table_1.csv,系訂 必修,管理資訊系統,['IM4048'],,,,,,,,,,3.0
資訊管理學系,資訊管理學系_table_1.csv,系訂 必修,一、共同必修,[],,備註,,,,,,,,
資訊管理學系,資訊管理學系_table_1.csv,系訂 必修,1,[],,,,,,,,,,
資訊管理學系,資訊管理學系_table_1.csv,系訂 必修,2,[],6.0,,6.0,,,,,,,
資訊管理學系,資訊管理學系_table_1.csv,系訂 必修,3,[],,,,,,,,,,
資訊管理學系,資訊管理學系_table_1.csv,系訂 必修,4,[],,,,,,,,,,
資訊管理學系,資訊管理學系_table_1.csv,系訂 必修,二、院、系訂必修,[],,,,,,,,,,
資訊管理學系,資訊管理學系_table_1.csv,系訂 必修,1,[],100.0,,100.0,,,,,,,
資訊管理學系,資訊管理學系_table_1.csv,系訂 必修,2,[],12.0,,12.0,,,,,,,
資訊管理學系,資訊管理學系_table_1.csv,系訂 必修,3,[],1013.0,,1013.0,,,,,,,
資訊管理學系,資訊管理學系_table_1.csv,系訂 必修,三、雙主修規定,[],,,,,,,,,,
資訊管理學系,資訊管理學系_table_1.csv,系訂 必修,1,[],,,,,,,,,,
資訊管理學系,資訊管理學系_table_1.csv,系訂 必修,2,[],1013.0,,1013.0,,,,,,,
資訊管理學系,資訊管理學系_table_1.csv,系訂 必修,3,[],40.0,,40.0,,,,,,,
資訊電機學院學士班【1140924修訂版】,資訊電機學院學士班【1140924修訂版】_table_1.csv,資訊電機學院學士班應修科目表(114學年度入學新生適用),國文,[],5.0,共同必修 (25),5.0,,,,,,,
資訊電機學院學士班【1140924修訂版】,資訊電機學院學士班【1140924修訂版】_table_1.csv,資訊電機學院學士班應修科目表(114學年度入學新生適用),外文,[],3.0,,3.0,3.0,,,,,,
資訊電機學院學士班【1140924修訂版】,資訊電機學院學士班【1140924修訂版】_table_1.csv,資訊電機學院學士班應修科目表(114學年度入學新生適用),體育課程,[],0.0,,0.0,0.0,0.0,0.0,0.0,,,
資訊電機學院學士班【1140924修訂版】,資訊電機學院學士班【1140924修訂版】_table_1.csv,資訊電機學院學士班應修科目表(114學年度入學新生適用),服務學習課程,[],0.0,,0.0,0.0,,,,,,
資訊電機學院學士班【1140924修訂版】,資訊電機學院學士班【1140924修訂版】_table_1.csv,資訊電機學院學士班應修科目表(114學年度入學新生適用),通識課程 (含核心必修、選修科目),[],14.0,,14.0,,,,,,,
資訊電機學院學士班【1140924修訂版】,資訊電機學院學士班【1140924修訂版】_table_1.csv,資訊電機學院學士班應修科目表(114學年度入學新生適用),微積分,"['MA1003', 'MA1004']",3.0,院訂必修 (25),3.0,3.0,,,,,,
資訊電機學院學士班【1140924修訂版】,資訊電機學院學士班【1140924修訂版】_table_1.csv,資訊電機學院學士班應修科目表(114學年度入學新生適用),資電工程概論,['IP1001'],2.0,,2.0,,,,,,,
資訊電機學院學士班【1140924修訂版】,資訊電機學院學士班【1140924修訂版】_table_1.csv,資訊電機學院學士班應修科目表(114學年度入學新生適用),線性代數,"['EE1009', 'CO1007', 'CE2005']",3.0,,3.0,,,,,,,
資訊電機學院學士班【1140924修訂版】,資訊電機學院學士班【1140924修訂版】_table_1.csv,資訊電機學院學士班應修科目表(114學年度入學新生適用),數位系統導論,"['EE2016', 'CO1002', 'CE2008']",3.0,,3.0,,,,,,,
資訊電機學院學士班【1140924修訂版】,資訊電機學院學士班【1140924修訂版】_table_1.csv,資訊電機學院學士班應修科目表(114學年度入學新生適用),數位邏輯實驗/數位系統實驗,"['EE1006', 'CO1006', 'CE2010']",1.0,,1.0,,,,,,,
資訊電機學院學士班【1140924修訂版】,資訊電機學院學士班【1140924修訂版】_table_1.csv,資訊電機學院學士班應修科目表(114學年度入學新生適用),計算機概論 I,"['EE1003', 'CO1001', 'CE1001']",4.0,,4.0,,,,,,,
資訊電機學院學士班【1140924修訂版】,資訊電機學院學士班【1140924修訂版】_table_1.csv,資訊電機學院學士班應修科目表(114學年度入學新生適用),計算機概論實習 I,"['EE1007', 'CO1005', 'CE1003']",,,,,,,,,,
資訊電機學院學士班【1140924修訂版】,資訊電機學院學士班【1140924修訂版】_table_1.csv,資訊電機學院學士班應修科目表(114學年度入學新生適用),資電專題實作 (I,['IP2001'],3.0,,,,3.0,,,,,
資訊電機學院學士班【1140924修訂版】,資訊電機學院學士班【1140924修訂版】_table_1.csv,資訊電機學院學士班應修科目表(114學年度入學新生適用),資電專題實作 (II,['IP2002'],3.0,,,,3.0,,,,,
資訊電機學院學士班【1140924修訂版】,資訊電機學院學士班【1140924修訂版】_table_1.csv,資訊電機學院學士班應修科目表(114學年度入學新生適用),電路學I,"['EE2002', 'CO2001']",3.0,院訂必選 (至少6學 分),,3.0,,,,,,
資訊電機學院學士班【1140924修訂版】,資訊電機學院學士班【1140924修訂版】_table_1.csv,資訊電機學院學士班應修科目表(114學年度入學新生適用),工程數學─微分方程,"['EE1010', 'CO2011']",3.0,,,3.0,,,,,,
資訊電機學院學士班【1140924修訂版】,資訊電機學院學士班【1140924修訂版】_table_1.csv,資訊電機學院學士班應修科目表(114學年度入學新生適用),離散數學,['CE2003'],3.0,,,,3.0,,,,,
資訊電機學院學士班【1140924修訂版】,資訊電機學院學士班【1140924修訂版】_table_1.csv,資訊電機學院學士班應修科目表(114學年度入學新生適用),計算機概論II,['CE1002'],4.0,,4.0,,,,,,,
資訊電機學院學士班【1140924修訂版】,資訊電機學院學士班【1140924修訂版】_table_1.csv,資訊電機學院學士班應修科目表(114學年度入學新生適用),計算機概論實習II,['CE1004'],,,,,,,,,,
資電學院各系等同課程對照表,資電學院各系等同課程對照表_table_1.csv,項目,通訊系,[],,項目,,,,,,,,
資電學院各系等同課程對照表,資電學院各系等同課程對照表_table_1.csv,1,工程數學-線性代數 必修,['CO1007'],1009.0,1,1009.0,2005.0,,,,,,
資電學院各系等同課程對照表,資電學院各系等同課程對照表_table_1.csv,2,資料結構 選修,['CO2012'],2007.0,2,2007.0,2002.0,,,,,,
資電學院各系等同課程對照表,資電學院各系等同課程對照表_table_1.csv,3,機率 必修,['CO3003'],4020.0,3,4020.0,2006.0,,,,,,
資電學院各系等同課程對照表,資電學院各系等同課程對照表_table_1.csv,4,訊號與系統 必修,['CO3004'],3009.0,4,3009.0,,,,,,,
資電學院各系等同課程對照表,資電學院各系等同課程對照表_table_1.csv,5,微算機原理 選修,['CO3006'],3046.0,5,3046.0,2012.0,,,,,,
資電學院各系等同課程對照表,資電學院各系等同課程對照表_table_1.csv,6,通訊原理I 必修,['CO3007'],3004.0,6,3004.0,,,,,,,
資電學院各系等同課程對照表,資電學院各系等同課程對照表_table_1.csv,7,通訊原理II 必修,['CO3008'],4013.0,7,4013.0,,,,,,,
資電學院各系等同課程對照表,資電學院各系等同課程對照表_table_1.csv,8,計算機組織 選修,['CO3020'],3035.0,8,3035.0,3001.0,,,,,,
資電學院各系等同課程對照表,資電學院各系等同課程對照表_table_1.csv,9,數位訊號處理概論 選修,['CO4003'],4033.0,9,,4033.0,,,,,,
資電學院各系等同課程對照表,資電學院各系等同課程對照表_table_1.csv,10,數位信號處理 選修,['CO6021'],6009.0,10,6009.0,,,,,,,
資電學院各系等同課程對照表,資電學院各系等同課程對照表_table_1.csv,11,數位影像處理 選修,['CO6041'],8045.0,11,8045.0,,,,,,,
資電學院各系等同課程對照表,資電學院各系等同課程對照表_table_1.csv,12,12,[],8008.0,,8008.0,5037.0,,,,,,
資電學院各系等同課程對照表,資電學院各系等同課程對照表_table_1.csv,13,排隊理論 選修,['CO6032'],6092.0,13,,6092.0,,,,,,
資電學院各系等同課程對照表,資電學院各系等同課程對照表_table_1.csv,14,無線通訊網路 選修,['CO6010'],7057.0,14,,7057.0,,,,,,
資電學院各系等同課程對照表,資電學院各系等同課程對照表_table_1.csv,15,工程數學-微分方程 必修,['CO2011'],1010.0,15,1010.0,1006.0,,,,,,
資電學院各系等同課程對照表,資電學院各系等同課程對照表_table_1.csv,16,數位系統導論 必修,['CO1002'],2016.0,16,2016.0,2008.0,,,,,,
資電學院各系等同課程對照表,資電學院各系等同課程對照表_table_1.csv,17,計算機概論I 必修,['CO1001'],1003.0,17,1003.0,1001.0,,,,,,
資電學院各系等同課程對照表,資電學院各系等同課程對照表_table_1.csv,18,計概實習 必修,['CO1005'],1007.0,18,1007.0,1003.0,,,,,,
資電學院各系等同課程對照表,資電學院各系等同課程對照表_table_1.csv,19,工程數學-複變函數 必修,['CO2013'],2030.0,19,2030.0,,,,,,,
通訊工程學系(含課程流程表)【1140924修訂版】,通訊工程學系(含課程流程表)【1140924修訂版】_table_1.csv,資訊電機學院 通訊工程學系 (114 學年度入學新生適用),國文,[],5.0,共 同 必 修,,,,5.0,,,,
通訊工程學系(含課程流程表)【1140924修訂版】,通訊工程學系(含課程流程表)【1140924修訂版】_table_1.csv,資訊電機學院 通訊工程學系 (114 學年度入學新生適用),外文,[],3.0,,,,,3.0,3.0,,,
通訊工程學系(含課程流程表)【1140924修訂版】,通訊工程學系(含課程流程表)【1140924修訂版】_table_1.csv,資訊電機學院 通訊工程學系 (114 學年度入學新生適用),體育課程,[],0.0,,,,,0.0,0.0,0.0,0.0,0.0
通訊工程學系(含課程流程表)【1140924修訂版】,通訊工程學系(含課程流程表)【1140924修訂版】_table_1.csv,資訊電機學院 通訊工程學系 (114 學年度入學新生適用),服務學習課程,[],0.0,,,,,0.0,0.0,,,
通訊工程學系(含課程流程表)【1140924修訂版】,通訊工程學系(含課程流程表)【1140924修訂版】_table_1.csv,資訊電機學院 通訊工程學系 (114 學年度入學新生適用),通識課程(含核心必修、選修科目),[],14.0,,,,,14.0,,,,
通訊工程學系(含課程流程表)【1140924修訂版】,通訊工程學系(含課程流程表)【1140924修訂版】_table_1.csv,資訊電機學院 通訊工程學系 (114 學年度入學新生適用),微積分,"['MA1003', 'MA1004']",3.0,系 訂 必 修,,,,3.0,3.0,,,
通訊工程學系(含課程流程表)【1140924修訂版】,通訊工程學系(含課程流程表)【1140924修訂版】_table_1.csv,資訊電機學院 通訊工程學系 (114 學年度入學新生適用),普通物理,"['APH1031', 'PH1032']",3.0,,,,,3.0,3.0,,,
通訊工程學系(含課程流程表)【1140924修訂版】,通訊工程學系(含課程流程表)【1140924修訂版】_table_1.csv,資訊電機學院 通訊工程學系 (114 學年度入學新生適用),普物實驗,"['PH1003', 'PH1004']",1.0,,,,,1.0,1.0,,,
通訊工程學系(含課程流程表)【1140924修訂版】,通訊工程學系(含課程流程表)【1140924修訂版】_table_1.csv,資訊電機學院 通訊工程學系 (114 學年度入學新生適用),計算機概論 I,['CO1001'],3.0,,,,,3.0,,,,
通訊工程學系(含課程流程表)【1140924修訂版】,通訊工程學系(含課程流程表)【1140924修訂版】_table_1.csv,資訊電機學院 通訊工程學系 (114 學年度入學新生適用),計概實習,['CO1005'],1.0,,,,,1.0,,,,
通訊工程學系(含課程流程表)【1140924修訂版】,通訊工程學系(含課程流程表)【1140924修訂版】_table_1.csv,資訊電機學院 通訊工程學系 (114 學年度入學新生適用),數位系統導論,['CO1002'],3.0,,,,,3.0,,,,
通訊工程學系(含課程流程表)【1140924修訂版】,通訊工程學系(含課程流程表)【1140924修訂版】_table_1.csv,資訊電機學院 通訊工程學系 (114 學年度入學新生適用),數位邏輯實驗,['CO1006'],,,,,,,1.0,,,
通訊工程學系(含課程流程表)【1140924修訂版】,通訊工程學系(含課程流程表)【1140924修訂版】_table_1.csv,資訊電機學院 通訊工程學系 (114 學年度入學新生適用),工程數學-線性代數,['CO1007'],3.0,,,,,3.0,,,,
通訊工程學系(含課程流程表)【1140924修訂版】,通訊工程學系(含課程流程表)【1140924修訂版】_table_1.csv,資訊電機學院 通訊工程學系 (114 學年度入學新生適用),電路學 I,['CO2001'],,,,,,,3.0,,,
通訊工程學系(含課程流程表)【1140924修訂版】,通訊工程學系(含課程流程表)【1140924修訂版】_table_1.csv,資訊電機學院 通訊工程學系 (114 學年度入學新生適用),電子學 I,['CO2005'],,,,,,,,3.0,,
通訊工程學系(含課程流程表)【1140924修訂版】,通訊工程學系(含課程流程表)【1140924修訂版】_table_1.csv,資訊電機學院 通訊工程學系 (114 學年度入學新生適用),工程數學-微分方程,['CO2011'],,,,,,,3.0,,,
通訊工程學系(含課程流程表)【1140924修訂版】,通訊工程學系(含課程流程表)【1140924修訂版】_table_1.csv,資訊電機學院 通訊工程學系 (114 學年度入學新生適用),工程數學-複變函數,['CO2013'],,,,,,,,3.0,,
通訊工程學系(含課程流程表)【1140924修訂版】,通訊工程學系(含課程流程表)【1140924修訂版】_table_1.csv,資訊電機學院 通訊工程學系 (114 學年度入學新生適用),電子電路實驗,['CO2010'],,,,,,,,,1.0,
通訊工程學系(含課程流程表)【1140924修訂版】,通訊工程學系(含課程流程表)【1140924修訂版】_table_1.csv,資訊電機學院 通訊工程學系 (114 學年度入學新生適用),機率,['CO3003'],,,,,,,,,3.0,
通訊工程學系(含課程流程表)【1140924修訂版】,通訊工程學系(含課程流程表)【1140924修訂版】_table_1.csv,資訊電機學院 通訊工程學系 (114 學年度入學新生適用),訊號與系統,['CO3004'],,,,,,,,,3.0,
通訊工程學系(含課程流程表)【1140924修訂版】,通訊工程學系(含課程流程表)【1140924修訂版】_table_1.csv,資訊電機學院 通訊工程學系 (114 學年度入學新生適用),通訊實驗 I/II,"['CO3001', 'CO3002']",,,,,,,,,,1.0
通訊工程學系(含課程流程表)【1140924修訂版】,通訊工程學系(含課程流程表)【1140924修訂版】_table_1.csv,資訊電機學院 通訊工程學系 (114 學年度入學新生適用),通訊原理 I/II,"['CO3007', 'CO3008']",,,,,,,,,,3.0
通訊工程學系(含課程流程表)【1140924修訂版】,通訊工程學系(含課程流程表)【1140924修訂版】_table_1.csv,資訊電機學院 通訊工程學系 (114 學年度入學新生適用),專題實作 I,['CO3025'],,,,,,,,,,3.0
通訊工程學系(含課程流程表)【1140924修訂版】,通訊工程學系(含課程流程表)【1140924修訂版】_table_1.csv,資訊電機學院 通訊工程學系 (114 學年度入學新生適用),專題實作 II,['CO3026'],,,,,,,,,,
通訊工程學系(含課程流程表)【1140924修訂版】,通訊工程學系(含課程流程表)【1140924修訂版】_table_1.csv,資訊電機學院 通訊工程學系 (114 學年度入學新生適用),專 長 課 程,[],2006.0,,,2006.0,,,,,3.0,
通訊工程學系(含課程流程表)【1140924修訂版】,通訊工程學系(含課程流程表)【1140924修訂版】_table_2.csv,備 註,一 、共同必修 1.共同科目表修習及其他畢業條件，請見應修科目表注意事項。 2.本系新生外文課程，可修大一英文工程課群 6 學分或英文系之其他英文課程。 3.選修「進修英文」取得之學分，不列入本系之畢業學分總數。 4.通識核心必修四大領域中至少須修習一個領域。 二、系訂必修 1.最低畢業學分為132學分。 2.專長課程分為A組(電通訊組)、B組(資通訊組)二組，畢業前須修畢任一組訂必修 15學分(包 含三門必修及任二門多選二課程)，超修之專長課程學分可認列為選修學分。 3.由電機、通訊課程流程中具有「＊」記號課程，選修 12學分，且須至少跨二類別之課程。 4.由電機、通訊課程流程中具有「△」記號實驗課程，選修 9學分，且須跨電通訊與資通訊兩組 類別之實驗課程。 5.依據「中央大學資電學院各系等同課程對照表」，等同課程科目重複修讀者，不列入畢業學分 數。 三、雙主修規定 1.依本校「學生修讀雙主修辦法」辦理。 2.除依本校雙主修辦法之規定辦理外，並應修滿上述二之第 2、5項規定，且至少由電機、通訊 課程流程中具有「*」記號課程選修 6學分，以及自 A、B二組中所選專長分組之實驗課程至少選 修 3學分，始可取得雙主修畢業資格。 3.非本系所開課程而取得之雙主修學分，由本系課程委員會審查通過後採認。 四、提前畢業標準 學業總平均成績名次在本系該年級學生數前 20%以內，或學業總平均成績在 85分以上，其他注 意事項請參照本校學則之畢業條件相關規定；如有特殊情形者，須提送具體事由經本系課程委 員會議審核認定。,[],,備 註,,,,,,,,
電機工程學系(含課程流程表)【1140924修訂版】,電機工程學系(含課程流程表)【1140924修訂版】_table_1.csv,共同 必修,國文,[],5.0,,5.0,,,,,,,
電機工程學系(含課程流程表)【1140924修訂版】,電機工程學系(含課程流程表)【1140924修訂版】_table_1.csv,共同 必修,外文,[],3.0,,3.0,3.0,,,,,,
電機工程學系(含課程流程表)【1140924修訂版】,電機工程學系(含課程流程表)【1140924修訂版】_table_1.csv,共同 必修,體育課程,[],0.0,,0.0,0.0,0.0,0.0,0.0,,,
電機工程學系(含課程流程表)【1140924修訂版】,電機工程學系(含課程流程表)【1140924修訂版】_table_1.csv,共同 必修,服務學習課程,[],0.0,,0.0,0.0,,,,,,
電機工程學系(含課程流程表)【1140924修訂版】,電機工程學系(含課程流程表)【1140924修訂版】_table_1.csv,共同 必修,通識課程(含核心必修、選修科目),[],14.0,,14.0,,,,,,,
電機工程學系(含課程流程表)【1140924修訂版】,電機工程學系(含課程流程表)【1140924修訂版】_table_1.csv,系訂 必修,微積分,"['MA1003', 'MA1004']",3.0,,3.0,3.0,,,,,,
電機工程學系(含課程流程表)【1140924修訂版】,電機工程學系(含課程流程表)【1140924修訂版】_table_1.csv,系訂 必修,普通物理A,"['PH1031', 'PH1032']",3.0,,3.0,3.0,,,,,,
電機工程學系(含課程流程表)【1140924修訂版】,電機工程學系(含課程流程表)【1140924修訂版】_table_1.csv,系訂 必修,普物實驗,"['PH1003', 'PH1004']",1.0,,1.0,1.0,,,,,,
電機工程學系(含課程流程表)【1140924修訂版】,電機工程學系(含課程流程表)【1140924修訂版】_table_1.csv,系訂 必修,計算機概論 I,['EE1003'],3.0,,3.0,,,,,,,
電機工程學系(含課程流程表)【1140924修訂版】,電機工程學系(含課程流程表)【1140924修訂版】_table_1.csv,系訂 必修,計算機概論實習,['EE1007'],1.0,,1.0,,,,,,,
電機工程學系(含課程流程表)【1140924修訂版】,電機工程學系(含課程流程表)【1140924修訂版】_table_1.csv,系訂 必修,數位系統導論,['EE2016'],3.0,,3.0,,,,,,,
電機工程學系(含課程流程表)【1140924修訂版】,電機工程學系(含課程流程表)【1140924修訂版】_table_1.csv,系訂 必修,工程數學-線性代數,['EE1009'],3.0,,3.0,,,,,,,
電機工程學系(含課程流程表)【1140924修訂版】,電機工程學系(含課程流程表)【1140924修訂版】_table_1.csv,系訂 必修,數位邏輯實驗,['EE1006'],1.0,,,1.0,,,,,,
電機工程學系(含課程流程表)【1140924修訂版】,電機工程學系(含課程流程表)【1140924修訂版】_table_1.csv,系訂 必修,工程數學-微分方程,['EE1010'],3.0,,,3.0,,,,,,
電機工程學系(含課程流程表)【1140924修訂版】,電機工程學系(含課程流程表)【1140924修訂版】_table_1.csv,系訂 必修,電路學 I / II,"['EE2002', 'EE2011']",3.0,,,3.0,3.0,,,,,
電機工程學系(含課程流程表)【1140924修訂版】,電機工程學系(含課程流程表)【1140924修訂版】_table_1.csv,系訂 必修,電子學 I / II,"['EE2001', 'EE2009']",3.0,,,,3.0,3.0,,,,
電機工程學系(含課程流程表)【1140924修訂版】,電機工程學系(含課程流程表)【1140924修訂版】_table_1.csv,系訂 必修,電子電路實驗 I / II / III,"['EE2027', 'EE2028', 'EE3047']",1.0,,,,1.0,1.0,1.0,,,
電機工程學系(含課程流程表)【1140924修訂版】,電機工程學系(含課程流程表)【1140924修訂版】_table_1.csv,系訂 必修,電磁學 I / II,"['EE2004', 'EE2015']",3.0,,,,3.0,3.0,,,,
電機工程學系(含課程流程表)【1140924修訂版】,電機工程學系(含課程流程表)【1140924修訂版】_table_1.csv,系訂 必修,工程數學-複變,['EE2030'],3.0,,,,3.0,,,,,
電機工程學系(含課程流程表)【1140924修訂版】,電機工程學系(含課程流程表)【1140924修訂版】_table_1.csv,系訂 必修,信號與系統,['EE3009'],3.0,,,,,3.0,,,,
電機工程學系(含課程流程表)【1140924修訂版】,電機工程學系(含課程流程表)【1140924修訂版】_table_1.csv,系訂 必修,畢業專題,['EE4044'],,,,,,,3.0,,,
電機工程學系(含課程流程表)【1140924修訂版】,電機工程學系(含課程流程表)【1140924修訂版】_table_1.csv,系訂 必修,一、 共同必修 1 共同科目修習及其他畢業條件，請見應修科目表注意事項。 2 本系新生外文課程一律必修「大一英文」工程課群6學分。 3 選修「進修英文」取得之學分，不列入本系之畢業學分總數。 4 通識核心必修四大領域中至少須修習一個領域。 二、 系訂必修 1 最低畢業學分為132學分；其中專題實作課程(課號：、、)至多採計6學分。 2 由下表電機、通訊課程流程中具有「*」記號課程，選修18學分，且須至少跨三類別之課程。 3 本系同學畢業以前須自下表電機、通訊課程流程中具有「 」記號實驗課程，選修9學分課程，且須至 少跨三類別之課程，始得畢業。 4 本系同學畢業以前須自本系或資電學院開授的課程中選修 △12 學分，始得畢業(不包含第2項之18學分 及第3項之9學分)。 5 修習畢業專題課程當學期須至「臺灣學術倫理教育資源中心」線上平台自行修習「學術倫理教育課程」 (0學分)，並通過線上課程測驗達及格標準。 6 有意抵免研究所課程學分者，請依照本系相關辦法選修研究所課程。 7 依據「中央大學資電學院各系等同課程對照表」，等同課程科目重複修讀者，不列入畢業學分數。 8 鼓勵踴躍修讀化學系開設之『普通化學』課程。 三、 雙主修規定 1 依本校「學生修讀雙主修辦法」辦理。 2 除依本校雙主修辦法之規定辦理外，並應修滿上述二、2~3 項規定之學分數後，始可取得雙主修畢業資 格。 四、 學分抵免 1 學分抵免須依據本校及本系學分抵免辦法辦理。 2 在學生：本系有開設之必修科目及「*」記號課程，選修他校或本校他系者不可抵修；如有特殊情形， 須事先申請，並經本系學術委員會審核同意後，始可選修，事後申請概不受理。 五、學業成績優異者，學業總平均成績名次在本系該年級學生數前百分之二十以內，且學業總平均成績在七十 五分以上者，經系主任及教務長核准，得於修業期限屆滿前一學期或一學年提前畢業。 六、學生當學年度限修習所屬班別的必修課程，不可跨班選修。如有違反情事，本系於選課系統逕行更正。,['EE4004'],,備註,,,,,,,,
電機工程學系(含課程流程表)【1140924修訂版】,電機工程學系(含課程流程表)【1140924修訂版】_table_2.csv,電 機 、 通 訊 課 程 流 程 實 驗 群 組 及 * 記 號 課 程 列 表,實驗群組 (選修9學分課程，且須至少跨三類別之課程),[],,電 機 、 通 訊 課 程 流 程 實 驗 群 組 及 * 記 號 課 程 列 表,,,,,,,,
電機工程學系(含課程流程表)【1140924修訂版】,電機工程學系(含課程流程表)【1140924修訂版】_table_2.csv,,電子類別,[],3044.0,,3044.0,3.0,,,,,,
電機工程學系(含課程流程表)【1140924修訂版】,電機工程學系(含課程流程表)【1140924修訂版】_table_2.csv,,固態類別,[],4027.0,,4027.0,3.0,,,,,,
電機工程學系(含課程流程表)【1140924修訂版】,電機工程學系(含課程流程表)【1140924修訂版】_table_2.csv,,智慧系統類別,[],3046.0,,3046.0,3.0,,,,,,
電機工程學系(含課程流程表)【1140924修訂版】,電機工程學系(含課程流程表)【1140924修訂版】_table_2.csv,,電波類別,[],4036.0,,4036.0,3.0,,,,,,
電機工程學系(含課程流程表)【1140924修訂版】,電機工程學系(含課程流程表)【1140924修訂版】_table_2.csv,,電通訊類別,[],4009.0,,4009.0,3.0,,,,,,
電機工程學系(含課程流程表)【1140924修訂版】,電機工程學系(含課程流程表)【1140924修訂版】_table_2.csv,,資通訊類別,[],3024.0,,3024.0,3.0,,,,,,
電機工程學系(含課程流程表)【1140924修訂版】,電機工程學系(含課程流程表)【1140924修訂版】_table_2.csv,,「*」記號課程 (選修18學分，且須至少跨三類別之課程),[],,,,,,,,,,
電機工程學系(含課程流程表)【1140924修訂版】,電機工程學系(含課程流程表)【1140924修訂版】_table_2.csv,,電子類別,[],2007.0,,2007.0,3.0,,,,,,
電機工程學系(含課程流程表)【1140924修訂版】,電機工程學系(含課程流程表)【1140924修訂版】_table_2.csv,,固態類別,[],2023.0,,2023.0,3.0,,,,,,
電機工程學系(含課程流程表)【1140924修訂版】,電機工程學系(含課程流程表)【1140924修訂版】_table_2.csv,,智慧系統類別,[],3003.0,,3003.0,3.0,,,,,,
電機工程學系(含課程流程表)【1140924修訂版】,電機工程學系(含課程流程表)【1140924修訂版】_table_2.csv,,電波類別,[],3001.0,,3001.0,3.0,,,,,,
電機工程學系(含課程流程表)【1140924修訂版】,電機工程學系(含課程流程表)【1140924修訂版】_table_2.csv,,電通訊類別,[],3001.0,,3001.0,3.0,,,,,,
電機工程學系(含課程流程表)【1140924修訂版】,電機工程學系(含課程流程表)【1140924修訂版】_table_2.csv,,資通訊類別,[],3019.0,,3019.0,3.0,,,,,,
電機工程專長,電機工程專長_table_1.csv,資訊電機學院 通訊工程學系 (114 學年度入學新生適用),國文,[],5.0,共 同 必 修,,,,5.0,,,,
電機工程專長,電機工程專長_table_1.csv,資訊電機學院 通訊工程學系 (114 學年度入學新生適用),外文,[],3.0,,,,,3.0,3.0,,,
電機工程專長,電機工程專長_table_1.csv,資訊電機學院 通訊工程學系 (114 學年度入學新生適用),體育課程,[],0.0,,,,,0.0,0.0,0.0,0.0,0.0
電機工程專長,電機工程專長_table_1.csv,資訊電機學院 通訊工程學系 (114 學年度入學新生適用),服務學習課程,[],0.0,,,,,0.0,0.0,,,
電機工程專長,電機工程專長_table_1.csv,資訊電機學院 通訊工程學系 (114 學年度入學新生適用),通識課程(含核心必修、選修科目),[],14.0,,,,,14.0,,,,
電機工程專長,電機工程專長_table_1.csv,資訊電機學院 通訊工程學系 (114 學年度入學新生適用),微積分,"['MA1003', 'MA1004']",3.0,系 訂 必 修,,,,3.0,3.0,,,
電機工程專長,電機工程專長_table_1.csv,資訊電機學院 通訊工程學系 (114 學年度入學新生適用),普通物理,"['APH1031', 'PH1032']",3.0,,,,,3.0,3.0,,,
電機工程專長,電機工程專長_table_1.csv,資訊電機學院 通訊工程學系 (114 學年度入學新生適用),普物實驗,"['PH1003', 'PH1004']",1.0,,,,,1.0,1.0,,,
電機工程專長,電機工程專長_table_1.csv,資訊電機學院 通訊工程學系 (114 學年度入學新生適用),計算機概論 I,['CO1001'],3.0,,,,,3.0,,,,
電機工程專長,電機工程專長_table_1.csv,資訊電機學院 通訊工程學系 (114 學年度入學新生適用),計概實習,['CO1005'],1.0,,,,,1.0,,,,
電機工程專長,電機工程專長_table_1.csv,資訊電機學院 通訊工程學系 (114 學年度入學新生適用),數位系統導論,['CO1002'],3.0,,,,,3.0,,,,
電機工程專長,電機工程專長_table_1.csv,資訊電機學院 通訊工程學系 (114 學年度入學新生適用),數位邏輯實驗,['CO1006'],,,,,,,1.0,,,
電機工程專長,電機工程專長_table_1.csv,資訊電機學院 通訊工程學系 (114 學年度入學新生適用),工程數學-線性代數,['CO1007'],3.0,,,,,3.0,,,,
電機工程專長,電機工程專長_table_1.csv,資訊電機學院 通訊工程學系 (114 學年度入學新生適用),電路學 I,['CO2001'],,,,,,,3.0,,,
電機工程專長,電機工程專長_table_1.csv,資訊電機學院 通訊工程學系 (114 學年度入學新生適用),電子學 I,['CO2005'],,,,,,,,3.0,,
電機工程專長,電機工程專長_table_1.csv,資訊電機學院 通訊工程學系 (114 學年度入學新生適用),工程數學-微分方程,['CO2011'],,,,,,,3.0,,,
電機工程專長,電機工程專長_table_1.csv,資訊電機學院 通訊工程學系 (114 學年度入學新生適用),工程數學-複變函數,['CO2013'],,,,,,,,3.0,,
電機工程專長,電機工程專長_table_1.csv,資訊電機學院 通訊工程學系 (114 學年度入學新生適用),電子電路實驗,['CO2010'],,,,,,,,,1.0,
電機工程專長,電機工程專長_table_1.csv,資訊電機學院 通訊工程學系 (114 學年度入學新生適用),機率,['CO3003'],,,,,,,,,3.0,
電機工程專長,電機工程專長_table_1.csv,資訊電機學院 通訊工程學系 (114 學年度入學新生適用),訊號與系統,['CO3004'],,,,,,,,,3.0,
電機工程專長,電機工程專長_table_1.csv,資訊電機學院 通訊工程學系 (114 學年度入學新生適用),通訊實驗 I/II,"['CO3001', 'CO3002']",,,,,,,,,,1.0
電機工程專長,電機工程專長_table_1.csv,資訊電機學院 通訊工程學系 (114 學年度入學新生適用),通訊原理 I/II,"['CO3007', 'CO3008']",,,,,,,,,,3.0
電機工程專長,電機工程專長_table_1.csv,資訊電機學院 通訊工程學系 (114 學年度入學新生適用),專題實作 I,['CO3025'],,,,,,,,,,3.0
電機工程專長,電機工程專長_table_1.csv,資訊電機學院 通訊工程學系 (114 學年度入學新生適用),專題實作 II,['CO3026'],,,,,,,,,,
電機工程專長,電機工程專長_table_1.csv,資訊電機學院 通訊工程學系 (114 學年度入學新生適用),專 長 課 程,[],2006.0,,,2006.0,,,,,3.0,
電機工程專長,電機工程專長_table_2.csv,備 註,一 、共同必修 1.共同科目表修習及其他畢業條件，請見應修科目表注意事項。 2.本系新生外文課程，可修大一英文工程課群 6 學分或英文系之其他英文課程。 3.選修「進修英文」取得之學分，不列入本系之畢業學分總數。 4.通識核心必修四大領域中至少須修習一個領域。 二、系訂必修 1.最低畢業學分為132學分。 2.專長課程分為A組(電通訊組)、B組(資通訊組)二組，畢業前須修畢任一組訂必修 15學分(包 含三門必修及任二門多選二課程)，超修之專長課程學分可認列為選修學分。 3.由電機、通訊課程流程中具有「＊」記號課程，選修 12學分，且須至少跨二類別之課程。 4.由電機、通訊課程流程中具有「△」記號實驗課程，選修 9學分，且須跨電通訊與資通訊兩組 類別之實驗課程。 5.依據「中央大學資電學院各系等同課程對照表」，等同課程科目重複修讀者，不列入畢業學分 數。 三、雙主修規定 1.依本校「學生修讀雙主修辦法」辦理。 2.除依本校雙主修辦法之規定辦理外，並應修滿上述二之第 2、5項規定，且至少由電機、通訊 課程流程中具有「*」記號課程選修 6學分，以及自 A、B二組中所選專長分組之實驗課程至少選 修 3學分，始可取得雙主修畢業資格。 3.非本系所開課程而取得之雙主修學分，由本系課程委員會審查通過後採認。 四、提前畢業標準 學業總平均成績名次在本系該年級學生數前 20%以內，或學業總平均成績在 85分以上，其他注 意事項請參照本校學則之畢業條件相關規定；如有特殊情形者，須提送具體事由經本系課程委 員會議審核認定。,[],,備 註,,,,,,,,
